date,GOLDAMGBDollarD228NLBM,Industrial Production_Manufacturing (NAICS),New Private Housing Units Authorized by Building Permits,Total Vehicle Sales,"All Employees, Retail Trade",Unemployment_Rate,IndustrialProductionGoldSilver21222S,gold_pred,gold_pred_error,cumulative_error
1969-01-31,35.32934782608695,36.6924,1459.0,885.2,7039.7,3.4,24.9872,,,
1969-02-28,35.37725000000001,36.6924,1495.0,885.2,6988.4,3.4,24.9872,,,
1969-03-31,36.19613636363636,36.6924,1438.0,885.2,7051.5,3.4,24.9872,,,
1969-04-30,37.55272727272728,36.6924,1441.0,885.2,7178.7,3.4,24.9872,,,
1969-05-31,37.454761904761895,36.6924,1328.0,885.2,7245.4,3.4,24.9872,,,
1969-06-30,37.43386363636363,36.6924,1349.0,885.2,7329.2,3.5,24.9872,,,
1969-07-31,37.86749999999999,36.6924,1278.0,885.2,7285.5,3.5,24.9872,,,
1969-08-31,38.716,36.6924,1317.0,885.2,7287.6,3.5,24.9872,,,
1969-09-30,38.87282608695652,36.6924,1263.0,885.2,7325.3,3.7,24.9872,,,
1969-10-31,39.00099999999999,36.6924,1216.0,885.2,7400.9,3.7,24.9872,,,
1969-11-30,40.4925,36.6924,1191.0,885.2,7547.5,3.5,24.9872,,,
1969-12-31,40.104772727272746,36.6924,1155.0,885.2,7881.1,3.5,24.9872,,,
1970-01-31,40.9293181818182,36.6924,1062.0,885.2,7315.5,3.9,24.9872,,,
1970-02-28,42.72184210526316,36.6924,1118.0,885.2,7260.4,4.2,24.9872,,,
1970-03-31,41.97636363636364,36.6924,1132.0,885.2,7319.8,4.4,24.9872,,,
1970-04-30,42.476190476190474,36.6924,1224.0,885.2,7400.3,4.6,24.9872,,,
1970-05-31,42.842045454545456,36.6924,1328.0,885.2,7436.6,4.8,24.9872,,,
1970-06-30,43.44642857142857,36.6924,1322.0,885.2,7481.8,4.9,24.9872,,,
1970-07-31,45.640238095238104,36.6924,1324.0,885.2,7423.5,5.0,24.9872,,,
1970-08-31,48.23666666666666,36.6924,1394.0,885.2,7401.2,5.1,24.9872,,,
1970-09-30,48.28840909090909,36.6924,1426.0,885.2,7456.5,5.4,24.9872,,,
1970-10-31,49.02605263157895,36.6924,1564.0,885.2,7512.5,5.5,24.9872,,,
1970-11-30,54.5,36.6924,1502.0,885.2,7611.9,5.9,24.9872,,,
1970-12-31,62.17045454545453,36.6924,1767.0,885.2,7962.3,6.1,24.9872,,,
1971-01-31,65.55833333333335,36.6924,1643.0,885.2,7452.5,5.9,24.9872,,,
1971-02-28,66.91704545454544,36.6924,1588.0,885.2,7374.2,5.9,24.9872,,,
1971-03-31,65.58928571428572,36.6924,1759.0,885.2,7423.1,6.0,24.9872,,,
1971-04-30,64.82363636363635,36.6924,1745.0,885.2,7549.5,5.9,24.9872,,,
1971-05-31,62.72568181818181,36.6924,1972.0,885.2,7608.5,5.9,24.9872,,,
1971-06-30,63.77894736842106,36.6924,1903.0,885.2,7668.8,5.9,24.9872,,,
1971-07-31,65.12681818181817,36.6924,2069.0,885.2,7625.3,6.0,24.9872,,,
1971-08-31,73.97125000000003,36.6924,2004.0,885.2,7637.1,6.1,24.9872,,,
1971-09-30,84.10468181818182,36.6924,1996.0,885.2,7704.1,6.0,24.9872,,,
1971-10-31,90.44078947368422,36.6924,2026.0,885.2,7748.7,5.8,24.9872,,,
1971-11-30,101.62272727272726,36.6924,2079.0,885.2,7882.0,6.0,24.9872,,,
1971-12-31,119.79999999999998,36.6924,2133.0,885.2,8230.5,6.0,24.9872,,,
1972-01-31,120.36363636363636,36.6924,2238.0,885.2,7793.2,5.8,24.9872,,,
1972-02-29,106.225,36.9567,2169.0,885.2,7738.0,5.7,26.2182,,,
1972-03-31,103.03375,37.1965,2105.0,885.2,7793.2,5.8,26.5612,,,
1972-04-30,99.92282608695652,37.644,2139.0,885.2,7915.3,5.7,25.5496,,,
1972-05-31,94.64545454545454,37.6836,2067.0,885.2,7974.9,5.7,25.8149,,,
1972-06-30,106.23611111111113,37.8022,2183.0,885.2,8049.7,5.7,23.8359,,,
1972-07-31,129.02727272727273,37.8128,2195.0,885.2,7990.2,5.6,22.6023,,,
1972-08-31,150.0,38.3031,2263.0,885.2,8011.7,5.6,18.9615,,,
1972-09-30,168.29761904761904,38.5731,2393.0,885.2,8070.0,5.5,21.226,,,
1972-10-31,172.2175,39.1695,2354.0,885.2,8154.7,5.6,22.1484,,,
1972-11-30,163.56818181818178,39.6756,2234.0,885.2,8332.3,5.3,21.5958,,,
1972-12-31,154.0125,40.2595,2419.0,885.2,8664.1,5.2,21.2403,,,
1973-01-31,142.2826086956522,40.5321,2271.0,885.2,8157.0,4.9,22.072,,,
1973-02-28,154.36190476190475,41.1963,2226.0,885.2,8081.8,5.0,21.9871,,,
1973-03-31,151.65952380952382,41.2768,2062.0,885.2,8136.7,4.9,19.9682,,,
1973-04-30,158.5326086956522,41.2179,1908.0,885.2,8254.8,5.0,19.3753,,,
1973-05-31,181.48333333333332,41.4853,1931.0,885.2,8334.4,4.9,20.0875,,,
1973-06-30,183.6825,41.4705,2051.0,885.2,8402.7,4.9,19.8371,,,
1973-07-31,176.86363636363637,41.6769,1819.0,885.2,8334.1,4.8,21.5621,,,
1973-08-31,179.5525,41.5521,1809.0,885.2,8337.4,4.8,21.0822,,,
1973-09-30,178.20263157894738,41.946000000000005,1704.0,885.2,8414.1,4.8,18.991,,,
1973-10-31,170.06590909090912,42.2962,1411.0,885.2,8485.1,4.6,19.7926,,,
1973-11-30,167.29285714285714,42.6218,1402.0,885.2,8648.6,4.8,19.224,,,
1973-12-31,164.25,42.6488,1288.0,885.2,8903.0,4.9,19.2984,,,
1974-01-31,164.86739130434785,42.2744,1331.0,885.2,8361.6,5.1,18.3974,,,
1974-02-28,163.16750000000005,42.091,1360.0,885.2,8246.6,5.2,18.9821,,,
1974-03-31,144.3113636363636,42.0853,1440.0,885.2,8283.4,5.1,19.9475,,,
1974-04-30,142.6913043478261,41.8849,1254.0,885.2,8422.9,5.1,20.5436,,,
1974-05-31,142.565,42.1703,1138.0,885.2,8514.8,5.1,20.2939,,,
1974-06-30,139.27857142857144,42.2289,1086.0,885.2,8572.1,5.4,19.7364,,,
1974-07-31,131.6952380952381,42.1487,1002.0,885.2,8548.4,5.5,18.3143,,,
1974-08-31,130.94,41.7946,917.0,885.2,8535.8,5.5,16.5819,,,
1974-09-30,132.67608695652171,41.8679,840.0,885.2,8622.8,5.9,18.2191,,,
1974-10-31,127.91,41.5436,824.0,885.2,8671.9,6.0,18.5848,,,
1974-11-30,126.9125,40.2681,783.0,885.2,8750.6,6.6,18.7033,,,
1974-12-31,125.68409090909094,38.4303,869.0,885.2,8935.0,7.2,18.3034,,,
1975-01-31,117.8659090909091,37.6185,726.0,885.2,8411.1,8.1,19.2414,,,
1975-02-28,110.05476190476186,36.5552,729.0,885.2,8298.3,8.1,17.99,,,
1975-03-31,114.09772727272724,36.0622,709.0,885.2,8328.3,8.6,16.4235,,,
1975-04-30,116.09523809523813,36.0197,866.0,885.2,8414.1,8.8,17.9004,,,
1975-05-31,130.3409090909091,35.9752,914.0,885.2,8523.6,9.0,17.7252,,,
1975-06-30,133.67380952380955,36.2888,946.0,885.2,8614.3,8.8,18.6439,,,
1975-07-31,132.30625,36.7949,1020.0,885.2,8601.8,8.6,18.3607,,,
1975-08-31,136.1625,37.2038,994.0,885.2,8638.4,8.4,18.1499,,,
1975-09-30,148.33913043478262,37.8323,1064.0,885.2,8698.0,8.4,19.1779,,,
1975-10-31,149.18421052631578,38.0382,1096.0,885.2,8729.8,8.4,18.5596,,,
1975-11-30,146.53636363636363,38.1558,1110.0,885.2,8851.9,8.3,19.0059,,,
1975-12-31,140.8275,38.643,1091.0,885.2,9136.3,8.2,19.8301,,,
1976-01-31,143.39761904761906,39.1713,1195.0,885.2,8701.4,7.9,19.137,,,
1976-02-29,145.00909090909087,39.7897,1190.0,994.7,8633.2,7.7,18.2271,,,
1976-03-31,149.3340909090909,39.8599,1164.0,1243.6,8684.7,7.6,18.2745,,,
1976-04-30,158.84761904761905,40.1054,1132.0,1191.2,8863.3,7.7,18.4704,,,
1976-05-31,162.13181818181818,40.3213,1194.0,1203.2,8952.8,7.4,17.523,,,
1976-06-30,160.48000000000005,40.3277,1188.0,1254.7,8988.3,7.6,18.1481,,,
1976-07-31,173.20714285714286,40.6281,1245.0,1162.3,8973.3,7.8,18.8452,,,
1976-08-31,178.36,40.8932,1309.0,1026.1,9007.3,7.8,18.7144,,,
1976-09-30,183.77142857142857,40.9732,1481.0,1057.9,9081.2,7.6,18.8674,,,
1976-10-31,175.32250000000005,40.9448,1425.0,1129.4,9082.2,7.7,18.0138,,,
1976-11-30,176.19047619047618,41.4707,1531.0,1084.4,9205.4,7.8,17.7141,,,
1976-12-31,183.76136363636363,41.9129,1511.0,1061.8,9466.2,7.8,17.3776,,,
1977-01-31,188.56904761904758,41.8246,1466.0,969.9,9030.6,7.5,18.7068,,,
1977-02-28,206.45454545454547,42.5735,1560.0,1092.1,8918.2,7.6,18.4444,,,
1977-03-31,212.21190476190475,43.1864,1660.0,1451.1,9026.0,7.4,19.355999999999998,,,
1977-04-30,227.43181818181813,43.6171,1660.0,1354.4,9186.0,7.2,18.7753,,,
1977-05-31,207.08181818181814,43.9977,1668.0,1377.1,9299.4,7.0,19.7583,,,
1977-06-30,207.89473684210526,44.3683,1752.0,1459.8,9381.7,7.2,19.6755,,,
1977-07-31,226.98636363636368,44.3774,1687.0,1202.0,9366.0,6.9,18.5828,,,
1977-08-31,245.59,44.5811,1780.0,1234.5,9408.2,7.0,19.3327,,,
1977-09-30,242.34772727272733,44.6218,1674.0,1104.6,9499.6,6.8,19.0728,,,
1977-10-31,239.17368421052632,44.739,1758.0,1341.3,9529.2,6.8,20.1741,,,
1977-11-30,257.7380952380953,44.821999999999996,1771.0,1181.6,9706.6,6.8,21.0989,,,
1977-12-31,279.3595238095238,45.3241,1754.0,1090.6,10004.3,6.4,21.9856,,,
1978-01-31,295.0090909090909,44.6628,1740.0,931.3,9545.0,6.4,19.4106,,,
1978-02-28,300.7931818181818,44.8005,1736.0,1071.4,9425.8,6.3,20.502,,,
1978-03-31,354.4975,45.5864,1799.0,1480.6,9521.2,6.3,19.633,,,
1978-04-30,390.95869565217384,46.3441,1948.0,1406.5,9696.4,6.1,18.956,,,
1978-05-31,391.51818181818186,46.523,1766.0,1557.6,9826.7,6.0,18.2244,,,
1978-06-30,463.6657894736842,46.8963,1983.0,1549.4,9921.7,5.9,18.9155,,,
1978-07-31,674.5795454545455,46.8701,1786.0,1289.2,9919.2,6.2,16.858,,,
1978-08-31,665.8928571428571,47.1209,1691.0,1317.1,9949.8,5.9,19.0676,,,
1978-09-30,554.2761904761903,47.3703,1751.0,1103.5,10018.8,6.0,19.145,,,
1978-10-31,516.71,47.7231,1781.0,1397.0,10048.2,5.8,19.9431,,,
1978-11-30,514.2675,48.1665,1795.0,1248.7,10225.9,5.9,18.995,,,
1978-12-31,600.7857142857142,48.5285,1818.0,1068.5,10490.5,6.0,18.2551,,,
1979-01-31,645.75,48.1248,1461.0,1077.5,10023.1,5.9,17.6575,,,
1979-02-28,626.36,48.2899,1492.0,1148.7,9897.4,5.9,17.3903,,,
1979-03-31,673.9409090909091,48.5268,1720.0,1483.8,9975.1,5.8,17.0007,,,
1979-04-30,662.2695652173912,47.7418,1597.0,1304.6,10103.8,5.8,17.214000000000002,,,
1979-05-31,623.875,48.3654,1684.0,1373.0,10170.8,5.6,17.9906,,,
1979-06-30,596.7119047619047,48.4134,1640.0,1183.8,10200.9,5.7,17.8046,,,
1979-07-31,557.8125,48.4609,1534.0,1164.4,10126.8,5.7,19.6321,,,
1979-08-31,500.8,47.812,1591.0,1207.2,10149.0,6.0,20.3538,,,
1979-09-30,499.6931818181818,47.9403,1638.0,1029.6,10218.3,5.9,19.0614,,,
1979-10-31,496.625,48.1137,1481.0,1197.6,10259.2,6.0,18.867,,,
1979-11-30,480.31578947368416,47.9685,1276.0,1018.6,10428.2,5.9,18.5987,,,
1979-12-31,460.5,48.156000000000006,1254.0,959.7,10663.2,6.0,18.3057,,,
1980-01-31,409.2840909090909,48.3631,1280.0,1042.0,10162.8,6.3,18.3473,,,
1980-02-29,410.24,48.2709,1199.0,1038.7,10046.1,6.3,18.7832,,,
1980-03-31,443.77272727272725,47.917,988.0,1141.9,10089.0,6.3,17.9257,,,
1980-04-30,437.6795454545455,46.8814,808.0,946.6,10150.5,6.9,18.819000000000003,,,
1980-05-31,413.40476190476187,45.4235,861.0,893.8,10214.9,7.5,18.9067,,,
1980-06-30,410.11904761904765,44.7099,1118.0,932.7,10245.9,7.6,18.299,,,
1980-07-31,384.1625,44.1788,1259.0,1006.6,10199.3,7.8,13.232000000000001,,,
1980-08-31,374.4575,44.5309,1367.0,884.2,10247.4,7.7,11.4228,,,
1980-09-30,329.97727272727275,45.2803,1484.0,847.4,10290.1,7.5,14.0933,,,
1980-10-31,350.3350000000001,46.137,1366.0,1043.4,10273.9,7.5,15.3897,,,
1980-11-30,334.50526315789483,47.0082,1383.0,870.5,10410.7,7.5,16.3809,,,
1980-12-31,314.9613636363636,47.1251,1249.0,821.4,10655.4,7.2,21.8019,,,
1981-01-31,337.89545454545447,46.9789,1221.0,814.3,10169.4,7.5,20.6861,,,
1981-02-28,363.4130952380953,46.7234,1199.0,949.2,10065.0,7.4,21.5676,,,
1981-03-31,438.15,46.878,1183.0,1178.8,10106.6,7.4,21.4016,,,
1981-04-30,422.78571428571433,47.1214,1190.0,962.9,10272.9,7.2,21.0311,,,
1981-05-31,415.1136363636364,47.3428,1173.0,933.1,10377.4,7.5,21.0939,,,
1981-06-30,444.7761904761903,47.089,976.0,942.7,10445.2,7.5,23.0563,,,
1981-07-31,481.8375,47.1991,935.0,896.9,10421.2,7.2,25.8919,,,
1981-08-31,493.4875,47.2307,889.0,1009.0,10461.4,7.4,24.2405,,,
1981-09-30,420.7065217391304,46.9945,847.0,864.8,10480.2,7.6,25.3772,,,
1981-10-31,433.1710526315789,46.5648,731.0,822.0,10433.0,7.9,24.5897,,,
1981-11-30,437.3925,45.9601,748.0,743.0,10504.2,8.3,24.6025,,,
1981-12-31,413.14772727272725,45.1479,796.0,673.2,10696.1,8.5,24.2737,,,
1982-01-31,422.64523809523814,44.0577,794.0,714.4,10192.1,8.6,23.3448,,,
1982-02-28,416.2045454545456,45.2876,808.0,840.5,10080.1,8.9,24.0695,,,
1982-03-31,412.24545454545455,44.8922,891.0,1057.3,10117.6,9.0,25.8047,,,
1982-04-30,394.24523809523816,44.5935,888.0,877.2,10255.4,9.3,25.788,,,
1982-05-31,381.01590909090896,44.5046,953.0,1020.2,10383.1,9.4,27.0755,,,
1982-06-30,388.06,44.4258,913.0,868.4,10459.8,9.6,23.2418,,,
1982-07-31,370.73452380952375,44.38399999999999,1044.0,827.4,10440.1,9.8,22.8783,,,
1982-08-31,386.0380952380953,43.9721,926.0,794.0,10466.5,9.8,22.0895,,,
1982-09-30,394.7431818181818,43.8579,1042.0,891.1,10469.8,10.1,22.1236,,,
1982-10-31,381.371052631579,43.3318,1149.0,840.9,10417.2,10.4,23.6954,,,
1982-11-30,376.95714285714286,43.0275,1229.0,971.5,10507.0,10.8,25.8076,,,
1982-12-31,378.31428571428563,42.8779,1351.0,839.3,10729.0,10.8,24.5949,,,
1983-01-31,347.60681818181814,43.935,1426.0,789.3,10284.0,10.4,26.6297,,,
1983-02-28,347.67727272727274,43.91,1471.0,821.6,10157.1,10.4,26.9112,,,
1983-03-31,340.945,44.323,1475.0,1102.0,10234.1,10.3,27.1643,,,
1983-04-30,340.2173913043478,44.8522,1566.0,1012.3,10395.4,10.2,29.0716,,,
1983-05-31,341.28636363636366,45.4357,1669.0,1109.9,10532.2,10.1,31.38,,,
1983-06-30,319.62222222222226,45.8074,1769.0,1205.4,10664.8,10.1,31.7899,,,
1983-07-31,302.85227272727275,46.5099,1795.0,1051.7,10707.0,9.4,32.3551,,,
1983-08-31,300.3325000000001,46.8646,1713.0,993.1,10760.0,9.5,34.0568,,,
1983-09-30,303.2047619047619,47.7979,1585.0,980.4,10836.5,9.2,34.1286,,,
1983-10-31,324.8825,48.3297,1716.0,1126.0,10839.4,8.8,32.0309,,,
1983-11-30,316.39523809523814,48.5227,1668.0,1050.2,11001.5,8.5,31.4496,,,
1983-12-31,316.2975,48.6894,1627.0,1054.0,11262.3,8.3,32.4084,,,
1984-01-31,317.20217391304345,49.5933,1816.0,1056.9,10826.5,8.0,28.729,,,
1984-02-29,330.13095238095235,50.1113,1987.0,1158.9,10735.9,7.8,29.3999,,,
1984-03-31,323.7642857142856,50.3435,1725.0,1351.5,10813.9,7.8,30.8588,,,
1984-04-30,326.09347826086963,50.6151,1776.0,1245.8,10986.3,7.7,30.7637,,,
1984-05-31,325.54761904761904,50.7352,1741.0,1451.7,11120.7,7.4,32.4164,,,
1984-06-30,321.985,50.9641,1814.0,1315.9,11269.4,7.2,34.4384,,,
1984-07-31,345.5613636363636,51.1994,1605.0,1237.2,11294.9,7.5,33.4115,,,
1984-08-31,339.05250000000007,51.2696,1530.0,1129.6,11341.3,7.5,33.0015,,,
1984-09-30,346.09473684210525,51.1514,1523.0,1053.4,11391.2,7.3,32.0728,,,
1984-10-31,340.71590909090907,51.3382,1490.0,1266.5,11424.0,7.4,33.6899,,,
1984-11-30,342.3250000000001,51.5145,1643.0,1141.1,11659.5,7.2,33.2314,,,
1984-12-31,342.79761904761904,51.6949,1626.0,1074.8,11865.7,7.3,33.3751,,,
1985-01-31,348.55434782608705,51.4962,1660.0,1196.6,11360.9,7.3,33.9086,,,
1985-02-28,376.29,51.2861,1662.0,1210.6,11256.2,7.2,33.749,,,
1985-03-31,418.1522727272728,51.6954,1727.0,1391.0,11379.8,7.2,34.5591,,,
1985-04-30,423.86304347826086,51.4761,1664.0,1380.3,11545.2,7.3,32.0938,,,
1985-05-31,396.9825,51.5792,1709.0,1498.9,11722.3,7.2,33.2162,,,
1985-06-30,391.595238095238,51.6713,1716.0,1332.9,11847.3,7.4,32.9266,,,
1985-07-31,408.5238095238095,51.361999999999995,1697.0,1337.6,11824.0,7.4,34.3701,,,
1985-08-31,401.04500000000013,51.6709,1808.0,1345.8,11881.2,7.1,34.1622,,,
1985-09-30,408.8477272727272,51.7546,1916.0,1463.5,11877.0,7.1,38.5276,,,
1985-10-31,439.66500000000013,51.6228,1743.0,1243.2,11866.9,7.1,37.719,,,
1985-11-30,461.65,51.9762,1692.0,1120.9,12027.8,7.0,39.169000000000004,,,
1985-12-31,449.2772727272728,52.1894,1794.0,1198.8,12262.2,7.0,38.7581,,,
1986-01-31,450.33043478260873,52.7764,1847.0,1213.8,11738.3,6.7,48.8439,,,
1986-02-28,460.98749999999984,52.5177,1767.0,1182.2,11616.9,7.2,48.7562,,,
1986-03-31,460.12045454545455,52.3429,1780.0,1297.6,11708.5,7.2,45.8571,,,
1986-04-30,465.7636363636364,52.4278,1858.0,1390.1,11867.0,7.1,48.3445,,,
1986-05-31,468.14047619047614,52.5065,1797.0,1530.3,12038.1,7.2,47.1326,,,
1986-06-30,487.0785714285714,52.3386,1790.0,1426.5,12146.9,7.2,50.0823,,,
1986-07-31,477.75750000000005,52.596000000000004,1780.0,1378.0,12162.2,7.0,50.0001,,,
1986-08-31,442.12380952380965,52.7786,1726.0,1344.1,12227.4,6.9,51.5288,,,
1986-09-30,443.4913043478261,52.8888,1686.0,1733.6,12237.6,7.0,52.907,,,
1986-10-31,451.55789473684194,53.103,1675.0,1270.6,12236.2,7.0,55.2701,,,
1986-11-30,451.32,53.3482,1644.0,1119.9,12394.4,6.9,56.7839,,,
1986-12-31,451.65681818181815,53.8107,1903.0,1431.1,12614.4,6.6,58.2814,,,
1987-01-31,437.4523809523809,53.6536,1690.0,918.9,12074.2,6.6,50.4656,,,
1987-02-28,431.06363636363625,54.4452,1689.0,1148.4,11973.3,6.6,64.1947,,,
1987-03-31,413.4386363636364,54.4534,1704.0,1381.7,12055.0,6.6,58.9306,,,
1987-04-30,406.39047619047625,54.7748,1601.0,1385.3,12226.7,6.3,63.4994,,,
1987-05-31,419.9659090909092,55.1747,1500.0,1298.5,12370.2,6.3,63.8462,,,
1987-06-30,419.24750000000006,55.3428,1522.0,1419.6,12504.1,6.2,64.9828,,,
1987-07-31,404.4452380952381,55.7812,1516.0,1355.8,12504.8,6.1,68.5169,,,
1987-08-31,387.9725,56.1368,1511.0,1400.6,12530.9,6.0,72.7421,,,
1987-09-30,390.2738095238095,56.4611,1514.0,1300.5,12513.3,5.9,74.5026,,,
1987-10-31,384.72,57.4082,1447.0,1193.2,12573.6,6.0,75.7005,,,
1987-11-30,371.35,57.7166,1457.0,1110.7,12757.4,5.8,74.3389,,,
1987-12-31,367.7272727272728,58.1042,1345.0,1249.2,12984.6,5.7,74.8537,,,
1988-01-31,375.20952380952383,57.9924,1244.0,1122.5,12451.8,5.7,89.2337,,,
1988-02-29,365.5477272727273,58.1557,1438.0,1308.8,12407.7,5.7,82.9883,,,
1988-03-31,361.7976190476191,58.3202,1525.0,1505.0,12461.2,5.7,82.9366,,,
1988-04-30,366.8,58.8554,1429.0,1333.5,12602.7,5.4,84.3755,,,
1988-05-31,394.3613636363637,58.7725,1444.0,1455.4,12762.7,5.6,85.3587,,,
1988-06-30,409.6552631578947,58.8916,1485.0,1483.1,12906.8,5.4,86.4066,,,
1988-07-31,410.1181818181818,58.8906,1439.0,1302.8,12911.1,5.4,86.1402,,,
1988-08-31,416.5425,58.9298,1460.0,1317.0,12954.6,5.6,87.6317,,,
1988-09-30,393.66136363636366,59.1542,1436.0,1223.2,12913.2,5.4,89.4111,,,
1988-10-31,374.9289473684211,59.4375,1516.0,1249.9,12912.6,5.4,89.439,,,
1988-11-30,368.8547619047618,59.617,1508.0,1191.1,13107.3,5.3,92.397,,,
1988-12-31,352.6571428571428,59.8984,1501.0,1285.2,13352.3,5.3,98.1094,,,
1989-01-31,361.82045454545465,60.4296,1466.0,1084.2,12863.3,5.4,96.2831,,,
1989-02-28,394.8613636363637,59.8019,1383.0,1127.3,12756.1,5.2,97.5944,,,
1989-03-31,389.56000000000006,59.7103,1214.0,1337.6,12841.1,5.0,101.3212,,,
1989-04-30,381.33260869565214,59.8829,1376.0,1354.8,12948.1,5.2,103.4502,,,
1989-05-31,381.8659090909092,59.3188,1381.0,1438.4,13096.7,5.2,111.8518,,,
1989-06-30,378.16052631578947,59.4684,1322.0,1329.2,13213.2,5.3,114.8592,,,
1989-07-31,384.59090909090907,58.7731,1283.0,1279.1,13187.1,5.2,122.6994,,,
1989-08-31,363.74750000000006,59.3324,1334.0,1441.9,13228.1,5.2,124.3889,,,
1989-09-30,363.39,59.195,1314.0,1263.8,13157.1,5.3,126.5501,,,
1989-10-31,358.0547619047618,59.0825,1365.0,1116.9,13146.9,5.3,126.9345,,,
1989-11-30,357.11666666666673,59.2,1344.0,1047.6,13365.7,5.4,130.8807,,,
1989-12-31,366.36,59.2547,1422.0,1011.9,13537.2,5.4,132.1157,,,
1990-01-31,368.0130434782609,59.1036,1748.0,1161.3,13255.8,5.4,136.5371,,,
1990-02-28,356.72142857142853,59.9806,1329.0,1073.4,12966.3,5.3,129.6692,,,
1990-03-31,348.45952380952383,60.3056,1246.0,1295.2,12938.2,5.2,123.2674,,,
1990-04-30,358.82608695652175,60.128,1136.0,1226.3,13012.3,5.4,133.7227,,,
1990-05-31,359.95952380952383,60.2545,1067.0,1332.1,13108.3,5.4,126.9992,,,
1990-06-30,361.875,60.4462,1108.0,1306.1,13182.8,5.2,129.0601,,,
1990-07-31,354.4363636363637,60.3271,1078.0,1244.4,13170.1,5.5,124.1826,,,
1990-08-31,353.8525,60.5285,1069.0,1196.9,13159.5,5.7,126.389,,,
1990-09-30,344.6409090909092,60.5278,976.0,1144.8,13113.4,5.9,127.4238,,,
1990-10-31,338.72750000000013,60.0276,925.0,1169.0,13185.2,5.9,125.4779,,,
1990-11-30,337.0394736842105,59.3613,941.0,1000.5,13461.9,6.2,126.5042,,,
1990-12-31,340.78409090909093,58.9058,861.0,987.2,13673.1,6.3,123.2126,,,
1991-01-31,352.45217391304334,58.4688,786.0,839.3,13068.3,6.4,119.7028,,,
1991-02-28,343.60250000000013,58.0592,853.0,927.5,12744.2,6.6,123.0472,,,
1991-03-31,345.2999999999999,57.6839,911.0,1103.1,12684.5,6.8,122.6393,,,
1991-04-30,344.2772727272728,57.891999999999996,916.0,1059.6,12687.0,6.7,122.5835,,,
1991-05-31,334.92380952380944,58.3074,991.0,1174.0,12780.6,6.9,125.5709,,,
1991-06-30,334.65714285714284,58.9545,964.0,1175.3,12859.0,6.9,131.8668,,,
1991-07-31,328.9925,59.1819,973.0,1185.2,12849.1,6.8,125.9421,,,
1991-08-31,329.31,59.2815,944.0,1063.0,12871.3,6.9,129.6219,,,
1991-09-30,329.9739130434782,59.9636,974.0,1062.2,12823.0,6.9,126.6757,,,
1991-10-31,341.9475,59.846000000000004,991.0,1047.6,12885.6,7.0,131.9536,,,
1991-11-30,367.04473684210535,59.7398,984.0,932.1,13150.8,7.0,134.0358,,,
1991-12-31,371.9136363636365,59.6458,1061.0,961.5,13391.1,7.3,133.2899,,,
1992-01-31,392.03409090909105,59.2972,1077.0,867.8,12788.6,7.3,138.6093,,,
1992-02-29,379.7952380952382,59.8786,1146.0,988.5,12586.1,7.4,143.7519,,,
1992-03-31,355.5613636363636,60.5043,1082.0,1128.4,12547.8,7.4,145.0034,,,
1992-04-30,364.00476190476195,60.8433,1054.0,1144.9,12636.3,7.4,146.9207,,,
1992-05-31,373.9386363636364,61.2039,1056.0,1169.7,12740.4,7.6,148.8136,,,
1992-06-30,383.24285714285713,61.3837,1057.0,1297.0,12825.1,7.8,142.74,,,
1992-07-31,387.11,61.9549,1089.0,1158.2,12804.9,7.7,145.0931,,,
1992-08-31,381.6575,61.711999999999996,1075.0,1065.2,12810.6,7.6,141.8259,,,
1992-09-30,384.0,61.7623,1114.0,1095.4,12783.9,7.6,144.7746,,,
1992-10-31,377.90789473684214,62.18899999999999,1132.0,1132.2,12890.4,7.3,140.9868,,,
1992-11-30,381.3425,62.4617,1118.0,988.6,13147.6,7.4,141.2312,,,
1992-12-31,385.7136363636364,62.3824,1176.0,1070.7,13411.8,7.4,130.6014,,,
1993-01-31,385.4500000000001,62.9777,1177.0,915.3,12849.3,7.3,142.0965,,,
1993-02-28,380.20681818181816,63.1205,1148.0,976.1,12701.7,7.1,147.5132,,,
1993-03-31,391.3477272727272,62.9613,1056.0,1228.9,12654.3,7.0,137.9881,,,
1993-04-30,390.16428571428565,63.3304,1104.0,1273.5,12745.3,7.1,142.6766,,,
1993-05-31,384.3772727272727,63.2861,1112.0,1342.2,12864.2,7.1,137.6057,,,
1993-06-30,379.48,63.1485,1130.0,1383.1,12975.0,7.0,140.9843,,,
1993-07-31,378.7380952380953,63.3449,1174.0,1266.9,13009.2,6.9,141.6755,,,
1993-08-31,376.745,63.2551,1230.0,1158.8,13048.2,6.8,139.664,,,
1993-09-30,381.8195652173912,63.6841,1251.0,1164.6,13048.6,6.7,140.2762,,,
1993-10-31,391.33888888888896,64.2618,1287.0,1182.5,13175.2,6.8,142.1111,,,
1993-11-30,385.2309523809524,64.5247,1357.0,1140.9,13457.5,6.6,147.8778,,,
1993-12-31,387.6181818181818,64.929,1461.0,1152.7,13755.5,6.5,151.3316,,,
1994-01-31,386.13809523809533,65.0425,1390.0,1045.5,13152.8,6.6,146.0897,,,
1994-02-28,383.5022727272728,65.1383,1269.0,1170.9,13014.9,6.6,144.5627,,,
1994-03-31,382.93095238095236,66.0163,1342.0,1472.2,13051.4,6.5,149.4748,,,
1994-04-30,383.20227272727277,66.598,1392.0,1337.9,13165.3,6.4,141.5141,,,
1994-05-31,385.20909090909095,67.0655,1396.0,1382.1,13295.0,6.1,142.4071,,,
1994-06-30,387.44473684210527,67.2836,1357.0,1479.6,13428.9,6.1,155.6435,,,
1994-07-31,398.69545454545465,67.5994,1335.0,1219.5,13485.9,6.1,140.3225,,,
1994-08-31,404.9190476190476,68.11,1377.0,1329.3,13549.4,6.0,138.653,,,
1994-09-30,396.5119047619048,68.4357,1412.0,1252.1,13581.4,5.9,138.1995,,,
1994-10-31,392.87,69.1652,1397.0,1291.8,13726.3,5.8,132.7996,,,
1994-11-30,391.990476190476,69.7038,1340.0,1197.9,14096.8,5.6,128.6861,,,
1994-12-31,385.245,70.5043,1396.0,1218.9,14380.3,5.5,130.3321,,,
1995-01-31,383.4565217391304,70.6387,1282.0,1031.5,13775.2,5.6,132.4215,,,
1995-02-28,387.50952380952384,70.4169,1254.0,1128.7,13579.5,5.4,135.4439,,,
1995-03-31,383.29047619047617,70.6021,1226.0,1403.3,13539.2,5.4,132.5136,,,
1995-04-30,380.90869565217383,70.4978,1259.0,1216.0,13654.1,5.8,135.6868,,,
1995-05-31,377.86904761904765,70.6342,1271.0,1427.5,13757.5,5.6,134.2587,,,
1995-06-30,369.3375,70.9778,1305.0,1477.2,13874.5,5.6,134.4045,,,
1995-07-31,355.0250000000001,70.5183,1354.0,1255.3,13878.2,5.7,135.5915,,,
1995-08-31,346.40000000000015,71.3402,1386.0,1365.2,13908.2,5.7,137.5286,,,
1995-09-30,352.31052631578933,71.9957,1421.0,1214.4,13894.0,5.6,136.3817,,,
1995-10-31,344.70681818181816,71.9761,1400.0,1226.0,14006.1,5.5,137.8598,,,
1995-11-30,344.1,72.0518,1430.0,1169.1,14347.0,5.6,147.4589,,,
1995-12-31,340.8047619047618,72.3734,1442.0,1202.6,14588.5,5.6,139.8733,,,
1996-01-31,323.78043478260867,71.8221,1387.0,1050.6,13927.7,5.6,129.624,,,
1996-02-29,323.9975,72.9624,1420.0,1237.9,13730.7,5.5,131.1767,,,
1996-03-31,322.6159090909091,72.8277,1437.0,1404.4,13748.1,5.5,134.4293,,,
1996-04-30,324.8543478260869,73.6724,1463.0,1359.3,13811.7,5.6,135.2204,,,
1996-05-31,306.3449999999999,74.2509,1457.0,1522.9,13993.7,5.6,140.4382,,,
1996-06-30,288.7761904761905,75.0801,1429.0,1404.2,14107.5,5.3,136.8526,,,
1996-07-31,289.26428571428573,75.3099,1450.0,1317.3,14136.0,5.5,146.4752,,,
1996-08-31,297.7425,75.6905,1413.0,1333.4,14167.3,5.1,148.5686,,,
1996-09-30,295.8704545454545,76.3588,1392.0,1231.4,14153.5,5.2,147.0612,,,
1996-10-31,308.5575,76.2262,1358.0,1296.6,14327.7,5.2,148.9527,,,
1996-11-30,298.97105263157886,76.8844,1412.0,1146.4,14692.0,5.4,140.2443,,,
1996-12-31,292.22272727272724,77.55199999999999,1411.0,1151.8,14956.2,5.4,146.1912,,,
1997-01-31,292.8739130434782,77.5975,1382.0,1114.6,14227.1,5.3,161.9214,,,
1997-02-28,284.2275,78.6953,1445.0,1177.4,14023.4,5.2,149.8888,,,
1997-03-31,288.66136363636366,79.5234,1436.0,1425.9,14039.9,5.2,156.7722,,,
1997-04-30,296.59545454545463,79.3662,1421.0,1310.3,14118.7,5.1,151.8532,,,
1997-05-31,294.2428571428572,79.9622,1414.0,1435.8,14241.9,4.9,155.7744,,,
1997-06-30,291.35714285714283,80.4694,1402.0,1355.0,14339.3,5.0,156.8235,,,
1997-07-31,287.3325,80.9998,1440.0,1376.6,14354.7,4.9,158.4099,,,
1997-08-31,287.495,82.0621,1449.0,1348.2,14392.0,4.8,154.8776,,,
1997-09-30,286.2434782608696,82.7651,1494.0,1238.5,14359.5,4.9,155.3775,,,
1997-10-31,282.62000000000006,83.4751,1499.0,1282.0,14533.0,4.7,163.5687,,,
1997-11-30,276.9315789473684,84.4229,1469.0,1146.1,14904.1,4.6,163.0588,,,
1997-12-31,261.4022727272727,84.7854,1456.0,1287.7,15176.5,4.7,153.3513,,,
1998-01-31,256.19772727272726,85.5471,1555.0,1044.1,14455.8,4.6,155.4686,,,
1998-02-28,256.9357142857142,85.6192,1647.0,1173.0,14243.3,4.6,193.9159,,,
1998-03-31,264.47045454545446,85.4651,1605.0,1405.5,14226.1,4.7,158.2081,,,
1998-04-30,311.56190476190466,85.8713,1547.0,1390.9,14322.0,4.3,149.4063,,,
1998-05-31,293.65,86.3207,1554.0,1543.9,14471.8,4.4,157.4607,,,
1998-06-30,283.7425,85.6107,1551.0,1606.6,14568.9,4.5,157.4673,,,
1998-07-31,284.59,85.2135,1610.0,1264.9,14602.1,4.5,156.7418,,,
1998-08-31,300.8547619047618,87.3819,1654.0,1265.1,14617.0,4.5,156.3435,,,
1998-09-30,286.704347826087,87.2288,1577.0,1314.4,14601.4,4.6,157.8412,,,
1998-10-31,279.96111111111117,88.0891,1719.0,1407.5,14745.6,4.5,152.7366,,,
1998-11-30,275.2928571428571,88.2099,1672.0,1176.4,15114.4,4.4,151.2198,,,
1998-12-31,285.3681818181819,88.7347,1742.0,1375.0,15388.3,4.4,151.3915,,,
1999-01-31,282.15238095238095,89.0222,1732.0,1123.7,14705.2,4.3,146.7719,,,
1999-02-28,274.52272727272725,89.8085,1720.0,1325.7,14567.2,4.4,148.9631,,,
1999-03-31,273.67619047619047,89.726,1665.0,1580.2,14574.9,4.2,143.7972,,,
1999-04-30,270.40454545454554,90.1186,1600.0,1451.7,14695.9,4.3,150.7445,,,
1999-05-31,265.9886363636364,90.9226,1640.0,1632.6,14828.0,4.2,148.9031,,,
1999-06-30,271.8921052631578,90.6341,1702.0,1651.4,14931.0,4.3,147.9819,,,
1999-07-31,265.9340909090909,91.1014,1682.0,1529.0,14976.4,4.3,143.9705,,,
1999-08-31,262.01750000000004,91.5614,1671.0,1523.6,14991.2,4.2,144.9428,,,
1999-09-30,263.27272727272725,91.1328,1551.0,1442.5,14963.5,4.2,145.1218,,,
1999-10-31,260.75,92.5699,1649.0,1396.8,15135.6,4.1,147.7745,,,
1999-11-30,272.0571428571428,93.1388,1672.0,1317.2,15504.9,4.1,153.3965,,,
1999-12-31,270.73809523809524,93.7921,1683.0,1440.6,15812.9,4.0,147.2393,,,
2000-01-31,267.70681818181816,93.9362,1727.0,1239.3,15122.9,4.0,160.6795,,,
2000-02-29,272.6568181818181,94.1856,1692.0,1539.3,14918.4,4.1,159.2653,,,
2000-03-31,282.4775,94.7846,1651.0,1713.0,14944.4,4.0,162.127,,,
2000-04-30,283.3217391304347,95.5101,1597.0,1538.9,15090.0,3.8,158.5165,,,
2000-05-31,276.24772727272733,95.4405,1543.0,1664.9,15145.4,4.0,149.8796,,,
2000-06-30,275.9921052631579,95.626,1572.0,1662.7,15240.6,4.0,151.1242,,,
2000-07-31,281.76363636363635,95.7409,1542.0,1468.6,15242.0,4.0,147.7191,,,
2000-08-31,295.6825,95.1187,1552.0,1578.8,15272.9,4.1,156.2165,,,
2000-09-30,294.3525,95.5655,1570.0,1506.3,15239.5,3.9,155.7736,,,
2000-10-31,302.86190476190484,95.3433,1577.0,1367.7,15382.9,3.9,144.2026,,,
2000-11-30,314.47954545454536,95.1024,1614.0,1260.9,15776.7,3.9,132.6782,,,
2000-12-31,321.5361111111112,94.5845,1543.0,1271.2,16027.7,3.9,147.9945,,,
2001-01-31,313.5673913043478,94.0393,1699.0,1196.3,15288.0,4.2,154.7089,,,
2001-02-28,310.04523809523806,93.5367,1656.0,1381.5,15094.4,4.2,153.1641,,,
2001-03-31,318.8,93.3766,1659.0,1627.8,15077.0,4.3,142.0541,,,
2001-04-30,316.7478260869565,93.0356,1666.0,1377.0,15046.8,4.4,149.466,,,
2001-05-31,319.2547619047619,92.3696,1665.0,1635.2,15157.7,4.3,150.0393,,,
2001-06-30,333.3,91.73700000000001,1626.0,1652.2,15248.1,4.5,147.0273,,,
2001-07-31,356.8636363636365,91.2379,1598.0,1374.6,15164.8,4.6,142.6951,,,
2001-08-31,359.575,90.8605,1615.0,1478.2,15189.7,4.9,140.5072,,,
2001-09-30,341.56428571428575,90.6639,1565.0,1312.5,15128.4,5.0,132.0401,,,
2001-10-31,328.2075,90.1331,1566.0,1753.2,15224.1,5.3,147.1245,,,
2001-11-30,355.40500000000014,89.9311,1651.0,1347.9,15576.1,5.5,134.4753,,,
2001-12-31,356.91190476190485,90.1646,1680.0,1336.1,15713.9,5.7,138.8596,,,
2002-01-31,350.7652173913044,90.7311,1665.0,1129.999,14985.0,5.7,114.7608,,,
2002-02-28,358.9925,90.7307,1787.0,1328.755,14785.9,5.7,125.6751,,,
2002-03-31,378.85909090909087,91.5183,1691.0,1541.215,14813.9,5.7,130.439,,,
2002-04-30,379.0934782608696,91.7507,1669.0,1471.8010000000004,14874.5,5.9,143.7597,,,
2002-05-31,390.2,92.2593,1716.0,1538.496,14960.4,5.8,126.0791,,,
2002-06-30,407.67380952380967,93.3528,1758.0,1563.938,15033.4,5.8,127.5777,,,
2002-07-31,414.49523809523805,93.0044,1738.0,1551.996,15011.9,5.8,127.9357,,,
2002-08-31,404.73,93.23299999999999,1695.0,1734.956,14981.1,5.7,124.50200000000001,,,
2002-09-30,405.97608695652184,93.3635,1803.0,1250.986,14907.3,5.7,129.1641,,,
2002-10-31,404.85,93.0256,1799.0,1331.09,15033.6,5.7,132.44299999999998,,,
2002-11-30,383.9526315789474,93.4885,1771.0,1227.557,15383.9,5.9,123.3658,,,
2002-12-31,391.7795454545456,92.91799999999999,1896.0,1467.708,15577.0,6.0,128.3269,,,
2003-01-31,398.440909090909,93.6423,1808.0,1108.279,14859.0,5.8,124.9329,,,
2003-02-28,400.13333333333327,93.5578,1854.0,1237.619,14652.3,5.9,125.1269,,,
2003-03-31,405.4022727272728,93.7146,1757.0,1474.819,14652.4,5.9,115.7969,,,
2003-04-30,420.20952380952383,92.9569,1803.0,1436.733,14725.9,6.0,113.0903,,,
2003-05-31,439.0590909090908,93.061,1835.0,1601.145,14826.2,6.1,116.8411,,,
2003-06-30,442.9738095238095,93.5406,1875.0,1502.328,14889.5,6.3,125.9753,,,
2003-07-31,424.08,93.8282,1885.0,1538.781,14860.5,6.2,126.6818,,,
2003-08-31,423.43,93.5475,1966.0,1656.167,14898.1,6.1,120.4636,,,
2003-09-30,434.35476190476174,94.3123,1961.0,1329.499,14865.2,6.1,121.4878,,,
2003-10-31,429.14047619047614,94.4027,2012.0,1333.497,15010.3,6.0,121.3702,,,
2003-11-30,422.9025,95.3834,1918.0,1285.36,15315.2,5.8,116.2349,,,
2003-12-31,430.3022727272728,95.1734,1987.0,1463.264,15505.2,5.7,97.4578,,,
2004-01-31,424.74523809523805,95.2003,1952.0,1149.668,14861.4,5.7,112.9119,,,
2004-02-29,437.77272727272737,95.9019,1966.0,1303.718,14693.8,5.6,108.2992,,,
2004-03-31,455.9363636363637,95.7359,2066.0,1540.321,14775.6,5.8,124.85600000000001,,,
2004-04-30,470.1071428571428,96.1117,2070.0,1455.6429999999998,14862.8,5.6,105.6895,,,
2004-05-31,476.66818181818184,96.8749,2150.0,1660.854,14987.0,5.6,116.4103,,,
2004-06-30,509.4225,96.0901,2020.0,1480.7579999999996,15082.0,5.6,113.117,,,
2004-07-31,549.4333333333333,96.9635,2112.0,1589.1729999999998,15051.3,5.5,111.4776,,,
2004-08-31,555.5175,97.4053,2056.0,1463.409,15054.8,5.4,107.6055,,,
2004-09-30,557.2152173913043,97.4501,2041.0,1470.081,14996.2,5.4,108.8944,,,
2004-10-31,611.8527777777778,98.5564,2097.0,1370.0929999999996,15154.5,5.5,101.3778,,,
2004-11-30,676.7690476190478,98.5002,2079.0,1231.197,15526.2,5.4,110.7254,,,
2004-12-31,597.8977272727273,99.2488,2082.0,1583.6029999999996,15707.1,5.4,109.2032,,,
2005-01-31,633.0928571428573,99.9993,2139.0,1095.851,15051.1,5.3,108.4678,,,
2005-02-28,631.5568181818182,100.9049,2114.0,1286.0739999999996,14911.9,5.4,107.3014,,,
2005-03-31,600.15,100.3947,2062.0,1615.983,14955.6,5.2,121.7403,,,
2005-04-30,586.6477272727271,100.7643,2150.0,1542.0510000000004,15068.9,5.2,114.4537,,,
2005-05-31,626.8249999999998,101.0644,2085.0,1537.321,15194.5,5.1,106.3725,,,
2005-06-30,629.5131578947369,101.2541,2178.0,1720.006,15300.1,5.0,107.0381,,,
2005-07-31,630.3522727272729,100.8936,2203.0,1845.713,15327.6,5.0,108.6728,,,
2005-08-31,665.1025000000002,101.3754,2219.0,1524.158,15348.8,4.9,118.236,,,
2005-09-30,655.8909090909091,100.3022,2263.0,1366.93,15226.4,5.0,114.1511,,,
2005-10-31,680.0078947368422,101.8829,2170.0,1184.16,15348.9,5.0,108.8011,,,
2005-11-30,668.3095238095239,102.7324,2218.0,1200.786,15741.9,5.0,104.3682,,,
2005-12-31,655.7142857142858,102.9308,2120.0,1525.713,15938.4,4.9,100.3299,,,
2006-01-31,665.2659090909091,103.7581,2212.0,1176.162,15245.6,4.7,104.9596,,,
2006-02-28,664.5295454545453,103.4,2141.0,1298.13,15067.2,4.8,110.1329,,,
2006-03-31,710.6450000000002,103.3013,2118.0,1576.6470000000004,15150.1,4.7,113.7691,,,
2006-04-30,754.4804347826088,103.8212,1998.0,1489.804,15171.3,4.7,111.6042,,,
2006-05-31,808.3113636363637,103.4292,1905.0,1533.7120000000002,15253.8,4.6,105.0241,,,
2006-06-30,803.6184210526317,103.8678,1867.0,1545.2679999999998,15332.6,4.6,100.0227,,,
2006-07-31,887.7840909090909,103.61200000000001,1763.0,1531.114,15326.4,4.7,103.1928,,,
2006-08-31,924.2833333333334,104.3946,1722.0,1530.014,15337.2,4.7,101.7515,,,
2006-09-30,971.0552631578947,104.4833,1655.0,1394.215,15235.3,4.5,103.446,,,
2006-10-31,911.6,104.0797,1570.0,1260.626,15386.0,4.4,115.9238,,,
2006-11-30,889.125,104.1417,1535.0,1236.5839999999996,15813.5,4.5,112.0277,,,
2006-12-31,889.5357142857142,105.7484,1638.0,1476.4129999999998,15982.4,4.4,115.8553,,,
2007-01-31,941.1673913043477,105.1816,1626.0,1124.216,15342.5,4.6,105.6854,,,
2007-02-28,840.3875,105.6138,1598.0,1285.136,15182.0,4.5,112.465,,,
2007-03-31,824.9204545454545,106.605,1596.0,1574.8770000000004,15301.0,4.4,93.5818,,,
2007-04-30,812.8152173913044,107.3444,1470.0,1365.965,15327.3,4.5,105.8592,,,
2007-05-31,757.85,107.2842,1493.0,1590.2620000000004,15462.9,4.4,109.0541,,,
2007-06-30,819.940476190476,107.6883,1407.0,1481.21,15511.5,4.6,104.5038,,,
2007-07-31,857.7261904761905,107.8331,1361.0,1331.024,15514.4,4.7,98.8109,,,
2007-08-31,939.7625,107.5694,1321.0,1500.386,15538.3,4.6,102.4016,,,
2007-09-30,925.9886363636364,108.1094,1261.0,1335.814,15440.9,4.7,99.8283,,,
2007-10-31,892.6625,107.7768,1192.0,1256.533,15529.0,4.7,95.3482,,,
2007-11-30,926.8552631578948,108.4352,1224.0,1200.511,15994.6,4.7,104.1502,,,
2007-12-31,947.8068181818179,108.5858,1149.0,1414.1470000000004,16162.0,5.0,99.8557,,,
2008-01-31,934.2717391304348,108.1717,1094.0,1063.408,15464.1,5.0,97.1568,,,
2008-02-29,949.5,107.465,1014.0,1196.431,15231.2,4.9,92.5968,,,
2008-03-31,996.4431818181821,107.1702,967.0,1378.605,15284.9,5.1,93.70299999999999,,,
2008-04-30,1043.5113636363637,105.9815,1008.0,1272.999,15247.6,5.0,90.4955,,,
2008-05-31,1126.1190476190475,105.4636,995.0,1420.485,15302.0,5.4,97.905,,,
2008-06-30,1135.0119047619048,104.7522,1180.0,1212.54,15342.8,5.6,104.8898,,,
2008-07-31,1119.575,103.4955,921.0,1156.003,15308.5,5.8,107.1886,,,
2008-08-31,1095.8,102.2059,858.0,1269.113,15270.9,6.1,97.6915,,,
2008-09-30,1115.554347826087,98.5396,797.0,984.592,15099.4,6.1,102.0567,,,
2008-10-31,1148.475,98.00200000000001,736.0,859.0260000000002,15138.1,6.5,106.6824,,,
2008-11-30,1204.3210526315786,95.6481,626.0,763.936,15351.7,6.8,104.4554,,,
2008-12-31,1232.3818181818185,92.2691,554.0,916.12,15424.4,7.3,110.7348,,,
2009-01-31,1196.0,89.4332,545.0,670.466,14688.6,7.8,97.8208,,,
2009-02-28,1213.4642857142858,89.3913,558.0,701.635,14439.0,8.3,98.7155,,,
2009-03-31,1271.4613636363638,87.807,513.0,872.8480000000002,14410.6,8.7,102.59299999999999,,,
2009-04-30,1343.1904761904761,87.2371,521.0,832.5880000000002,14399.6,9.0,103.3105,,,
2009-05-31,1371.784090909091,86.3136,556.0,938.41,14495.4,9.4,99.0684,,,
2009-06-30,1393.5119047619046,86.0265,601.0,874.8739999999998,14543.5,9.5,95.6117,,,
2009-07-31,1360.475,87.4112,595.0,1011.769,14489.3,9.5,92.5762,,,
2009-08-31,1371.3125,88.4647,616.0,1274.678,14495.3,9.6,97.8809,,,
2009-09-30,1422.8478260869565,89.2561,609.0,759.633,14367.5,9.8,94.1269,,,
2009-10-31,1474.4305555555554,89.3968,583.0,853.942,14413.0,10.0,94.3044,,,
2009-11-30,1512.1875,90.3186,623.0,761.865,14729.7,9.9,93.398,,,
2009-12-31,1528.3795454545457,90.1551,664.0,1049.27,14863.7,9.9,86.7104,,,
2010-01-31,1568.5261904761905,91.2764,636.0,712.4689999999998,14290.5,9.8,104.6904,,,
2010-02-28,1759.5,91.3081,650.0,793.362,14123.0,9.8,101.3311,,,
2010-03-31,1780.6477272727273,92.4616,687.0,1083.953,14209.3,9.9,100.993,,,
2010-04-30,1667.892857142857,93.3099,637.0,997.334,14269.1,9.9,100.5754,,,
2010-05-31,1735.9772727272727,94.6419,575.0,1117.57,14380.1,9.6,93.31299999999999,,,
2010-06-30,1652.725,94.5285,587.0,1000.455,14441.8,9.4,100.8596,,,
2010-07-31,1656.095238095238,95.1146,579.0,1065.748,14445.1,9.4,106.7944,,,
2010-08-31,1743.095238095238,95.2587,580.0,1011.564,14463.7,9.5,104.0874,,,
2010-09-30,1675.0568181818182,95.2835,563.0,973.954,14361.0,9.5,106.2128,,,
2010-10-31,1648.5394736842104,95.3587,558.0,965.135,14510.5,9.4,96.6795,,,
2010-11-30,1585.1136363636365,95.3965,560.0,888.085,14849.9,9.8,97.4601,,,
2010-12-31,1595.6315789473686,95.8656,632.0,1162.897,15008.4,9.3,82.0493,,,
2011-01-31,1592.784090909091,96.0682,576.0,836.3660000000001,14448.6,9.1,106.3954,,,
2011-02-28,1625.6818181818182,96.2263,542.0,1007.082,14282.5,9.0,100.21,,,
2011-03-31,1741.925,96.8409,583.0,1276.843,14349.3,9.0,101.012,,,
2011-04-30,1746.3478260869565,96.279,581.0,1173.52,14489.0,9.1,100.6991,,,
2011-05-31,1724.3522727272727,96.4175,618.0,1081.272,14588.7,9.0,104.8129,,,
2011-06-30,1687.342105263158,96.5405,636.0,1071.229,14682.3,9.1,101.6522,,,
2011-07-31,1671.8863636363635,97.1629,621.0,1086.064,14718.0,9.0,96.6245,,,
2011-08-31,1630.6875,97.523,647.0,1094.479,14717.5,9.0,98.1789,,,
2011-09-30,1591.0125,97.8561,610.0,1076.037,14617.2,9.0,98.3869,,,
2011-10-31,1485.904761904762,98.3927,671.0,1048.258,14751.7,8.8,98.6854,,,
2011-11-30,1416.142857142857,98.1202,706.0,1028.774,15142.3,8.6,95.5807,,,
2011-12-31,1342.7,98.8168,697.0,1268.462,15296.7,8.5,97.9,,,
2012-01-31,1284.3478260869565,99.7093,712.0,938.17,14734.5,8.3,103.3864,,,
2012-02-29,1345.047619047619,100.038,738.0,1175.82,14520.3,8.3,101.3439,,,
2012-03-31,1348.4642857142858,99.586,806.0,1434.004,14580.3,8.2,98.2955,,,
2012-04-30,1314.4021739130435,100.1877,732.0,1204.471,14670.4,8.2,98.954,,,
2012-05-31,1277.4166666666667,99.8458,796.0,1369.493,14775.5,8.2,98.1488,,,
2012-06-30,1221.5875,100.1427,794.0,1310.158,14815.9,8.2,100.9721,,,
2012-07-31,1243.0681818181818,100.0497,849.0,1171.809,14807.7,8.2,99.4651,,,
2012-08-31,1298.7125,99.8597,840.0,1305.342,14815.2,8.1,95.7604,,,
2012-09-30,1336.5595238095239,99.8234,930.0,1206.182,14738.9,7.8,96.5395,,,
2012-10-31,1299.175,99.4857,887.0,1119.148,14877.7,7.8,103.3996,,,
2012-11-30,1288.9125,100.2198,917.0,1169.803,15363.0,7.7,104.6564,,,
2012-12-31,1277.857142857143,101.0522,941.0,1375.0839999999996,15462.5,7.9,99.0783,,,
2013-01-31,1312.9891304347825,100.7283,940.0,1065.798,14858.2,8.0,97.8017,,,
2013-02-28,1297.005,101.2369,980.0,1217.858,14672.3,7.7,98.9136,,,
2013-03-31,1241.3295454545455,101.15899999999999,936.0,1479.427,14711.7,7.5,99.1332,,,
2013-04-30,1223.5652173913045,100.7622,1012.0,1313.7679999999998,14808.6,7.6,99.9354,,,
2013-05-31,1176.4125,101.0469,1003.0,1473.275,14932.3,7.5,99.5938,,,
2013-06-30,1200.4404761904761,101.3055,942.0,1425.802,15045.2,7.5,97.2092,,,
2013-07-31,1249.3333333333333,100.2932,997.0,1335.833,15097.3,7.3,98.404,,,
2013-08-31,1231.1,101.195,964.0,1527.483,15131.7,7.2,99.0137,,,
2013-09-30,1180.6363636363635,101.2834,1004.0,1152.814,15052.6,7.2,96.5252,,,
2013-10-31,1198.2525,101.4163,1044.0,1235.532,15212.3,7.2,95.0186,,,
2013-11-30,1197.6842105263158,101.4165,1029.0,1271.446,15655.3,6.9,96.3467,,,
2013-12-31,1182.2477272727276,101.3819,1005.0,1383.6760000000004,15839.4,6.7,96.8031,,,
2014-01-31,1131.5804347826086,100.1818,976.0,1043.019,15170.7,6.6,95.1042,,,
2014-02-28,1117.525,101.2442,1039.0,1221.37,14951.8,6.7,93.8141,,,
2014-03-31,1124.904545454545,102.13600000000001,1067.0,1562.7479999999996,15015.4,6.7,91.8105,,,
2014-04-30,1157.1227272727276,101.9852,1090.0,1408.2320000000002,15137.0,6.2,92.1915,,,
2014-05-31,1088.3880952380953,102.2936,1018.0,1644.3670000000004,15238.9,6.3,91.5547,,,
2014-06-30,1068.3166666666666,102.6556,1010.0,1451.814,15354.6,6.1,88.4374,,,
2014-07-31,1095.6550000000002,103.147,1076.0,1473.9620000000002,15389.2,6.2,97.4556,,,
2014-08-31,1194.892857142857,102.6082,1047.0,1607.315,15380.4,6.1,91.8039,,,
2014-09-30,1246.3119047619048,102.6413,1077.0,1272.036,15298.8,5.9,90.102,,,
2014-10-31,1241.452380952381,102.5636,1094.0,1312.329,15481.6,5.7,81.6224,,,
2014-11-30,1259.755,103.4288,1059.0,1324.1170000000004,15894.3,5.8,84.89299999999999,,,
2014-12-31,1273.5795454545453,103.1127,1070.0,1538.534,16048.1,5.6,89.6342,,,
2015-01-31,1337.4285714285713,102.677,1048.0,1177.91,15421.1,5.7,90.4451,,,
2015-02-28,1340.8613636363634,101.95700000000001,1127.0,1285.147,15244.9,5.5,88.6214,,,
2015-03-31,1326.6181818181822,102.26299999999999,1078.0,1579.6270000000004,15311.7,5.4,84.8382,,,
2015-04-30,1268.9285714285716,102.1316,1161.0,1479.335,15401.8,5.4,85.5672,,,
2015-05-31,1240.2931818181814,102.0859,1275.0,1668.4520000000002,15530.3,5.6,85.1943,,,
2015-06-30,1152.165,101.6587,1378.0,1518.66,15620.5,5.3,88.78399999999999,,,
2015-07-31,1192.647619047619,102.323,1139.0,1546.818,15647.0,5.2,100.2145,,,
2015-08-31,1233.39,102.0213,1165.0,1598.265,15626.3,5.1,94.9551,,,
2015-09-30,1231.0630434782609,101.6204,1143.0,1474.925,15513.4,5.0,98.7316,,,
2015-10-31,1267.15,101.5941,1158.0,1486.42,15696.8,5.0,96.7952,,,
2015-11-30,1245.2499999999998,101.2991,1245.0,1358.777,16095.8,5.1,95.6658,,,
2015-12-31,1261.2772727272725,100.9993,1209.0,1671.2879999999998,16221.5,5.0,92.8071,,,
2016-01-31,1235.1,101.706,1167.0,1188.775,15625.7,4.9,91.2743,,,
2016-02-29,1282.0595238095234,101.1106,1186.0,1374.2720000000004,15486.6,4.9,96.9092,,,
2016-03-31,1317.0452380952381,100.9595,1119.0,1614.069,15576.8,5.0,99.3279,,,
2016-04-30,1280.677272727273,100.5583,1155.0,1524.1,15648.7,5.0,95.8547,,,
2016-05-31,1283.1886363636365,100.5821,1198.0,1552.659,15745.7,4.8,97.1167,,,
2016-06-30,1265.6736842105265,100.8661,1204.0,1548.86,15851.8,4.9,100.161,,,
2016-07-31,1332.8090909090906,101.1049,1193.0,1546.818,15874.4,4.8,96.1285,,,
2016-08-31,1333.775,100.7339,1203.0,1539.79,15864.6,4.9,97.6634,,,
2016-09-30,1325.5619047619048,101.1269,1282.0,1462.065,15750.3,5.0,94.4506,,,
2016-10-31,1334.3775,101.4347,1271.0,1397.057,15899.5,4.9,104.8749,,,
2016-11-30,1303.6119047619045,101.5178,1236.0,1399.375,16260.2,4.7,98.4258,,,
2016-12-31,1282.1261904761905,101.8808,1251.0,1717.933,16394.3,4.7,100.4022,,,
2017-01-31,1238.0636363636365,102.4892,1313.0,1164.323,15854.4,4.7,101.7498,,,
2017-02-28,1201.8590909090906,102.4152,1239.0,1352.076,15627.9,4.6,93.8297,,,
2017-03-31,1199.1974999999998,102.1635,1292.0,1582.674,15635.0,4.4,104.4856,,,
2017-04-30,1214.7260869565218,103.3416,1255.0,1449.717,15686.6,4.4,121.9836,,,
2017-05-31,1221.275,103.1555,1209.0,1543.862,15759.5,4.4,109.3563,,,
2017-06-30,1249.886842105263,103.2793,1326.0,1502.804,15843.0,4.3,104.4286,,,
2017-07-31,1291.6295454545455,103.1101,1265.0,1441.011,15841.1,4.3,96.0616,,,
2017-08-31,1319.755,102.8276,1309.0,1512.07,15810.2,4.4,90.285,,,
2017-09-30,1302.2857142857142,102.7012,1257.0,1553.1329999999996,15679.3,4.2,99.4016,,,
2017-10-31,1287.65,104.0931,1339.0,1385.649,15819.9,4.1,94.6351,,,
2017-11-30,1283.1047619047622,104.4259,1299.0,1424.527,16285.8,4.2,97.7291,,,
2017-12-31,1358.4875,104.4342,1312.0,1639.555,16305.9,4.1,95.4237,,,
2018-01-31,1414.6108695652176,104.0461,1365.0,1181.715,15718.6,4.1,94.0943,1071.5317,343.0791312839676,343.0791312839676
2018-02-28,1497.102380952381,105.1667,1332.0,1328.14,15577.0,4.1,86.7339,1140.5874,356.51497860863105,699.5941098925987
2018-03-31,1510.3357142857142,105.2262,1415.0,1687.609,15610.8,4.0,89.0964,1122.6471,387.6886195591517,1087.2827294517504
2018-04-30,1495.0954545454545,105.7471,1387.0,1391.226,15668.9,4.0,91.6606,1106.9409,388.15453657670446,1475.4372660284548
2018-05-31,1471.9214285714286,104.965,1330.0,1626.484,15772.6,3.8,84.5408,1175.5839,296.3375662667411,1771.774832295196
2018-06-30,1480.025,105.7913,1317.0,1586.664,15807.7,4.0,82.8516,1205.9686,274.0563720703126,2045.8312043655085
2018-07-31,1560.6681818181814,106.2412,1331.0,1403.118,15804.0,3.8,86.3527,1163.5641,397.10409490411894,2442.9352992696276
2018-08-31,1600.423684210526,106.7033,1258.0,1527.4160000000004,15772.1,3.8,84.1353,1217.1692,383.25449475740106,2826.1897940270287
2018-09-30,1593.7636363636366,106.71,1290.0,1474.997,15606.6,3.7,84.9935,1179.7843,413.9793346058241,3240.169128632853
2018-10-31,1680.03,106.6054,1267.0,1405.908,15708.8,3.8,89.7602,1167.7412,512.2887890625,3752.457917695353
2018-11-30,1715.697368421053,106.8101,1319.0,1422.219,16191.0,3.7,94.5504,1156.361,559.3364065069904,4311.794324202343
2018-12-31,1734.0318181818182,107.4963,1334.0,1665.906,16197.0,3.9,92.4648,1196.7993,537.2325017755682,4849.026825977911
2019-01-31,1840.80652173913,106.87899999999999,1316.0,1171.495,15628.1,4.0,95.82799999999999,1097.2809,743.5256379500674,5592.552463927979
2019-02-28,1993.2166666666665,106.3204,1305.0,1288.278,15429.4,3.8,88.185,1124.2396,868.977042643229,6461.529506571208
2019-03-31,0.0,106.3014,1327.0,1642.746,15425.8,3.8,86.8728,1155.2087,-1155.208740234375,5306.320766336833
2019-04-30,0.0,105.3737,1330.0,1372.696,15474.7,3.6,92.3138,1085.0197,-1085.0196533203125,4221.3011130165205
2019-05-31,0.0,105.5026,1338.0,1628.0739999999996,15540.7,3.6,89.0457,1130.2426,-1130.2425537109375,3091.058559305583
2019-06-30,0.0,106.0976,1273.0,1554.747,15622.9,3.7,86.161,1181.9553,-1181.955322265625,1909.103237039958
2019-07-31,0.0,105.6872,1366.0,1443.9029999999998,15634.2,3.7,89.1033,1115.9554,-1115.9554443359375,793.1477927040205
2019-08-31,0.0,106.3504,1471.0,1685.339,15596.6,3.7,82.1606,1131.4509,-1131.450927734375,-338.3031350303545
2019-09-30,0.0,105.6556,1437.0,1315.678,15487.4,3.5,85.0081,1073.6766,-1073.6766357421875,-1411.979770772542
2019-10-31,0.0,105.059,1503.0,1380.174,15648.3,3.6,88.7974,1045.1814,-1045.181396484375,-2457.161167256917
2019-11-30,0.0,106.1088,1510.0,1438.444,16080.2,3.5,88.8338,1086.7473,-1086.747314453125,-3543.908481710042
2019-12-31,0.0,106.3594,1457.0,1558.43,16159.7,3.5,84.2008,1149.065,-1149.06494140625,-4692.973423116292
2020-01-31,0.0,106.1753,1536.0,1167.861,15573.4,3.6,96.8362,926.44495,-926.4449462890625,-5619.4183694053545
2020-02-29,0.0,106.1291,1438.0,1383.188,15424.9,3.5,94.5223,1025.6263,-1025.6263427734375,-6645.044712178792
2020-03-31,0.0,100.7116,1356.0,1028.428,15365.1,4.4,89.7012,1026.3641,-1026.3641357421875,-7671.4088479209795
2020-04-30,0.0,84.6314,1066.0,745.3530000000002,13174.9,14.7,93.5693,1269.5055,-1269.5054931640625,-8940.914341085041
2020-05-31,0.0,87.9577,1216.0,1150.862,13637.7,13.3,90.21799999999999,1321.0858,-1321.0858154296875,-10262.000156514729
2020-06-30,0.0,94.4333,1258.0,1135.781,14519.4,11.1,92.2353,1356.0468,-1356.0467529296875,-11618.046909444416
2020-07-31,0.0,94.4333,1258.0,1260.897,14778.7,11.1,92.2353,1379.794,-1379.7939453125,-12997.840854756916
2020-08-31,0.0,94.4333,1258.0,1260.897,14778.7,11.1,92.2353,1379.794,-1379.7939453125,-14377.634800069416
