date,market_average,Unemployment_Rate,IndustrialProductionGoldSilver21222S,Fed Debt_Total Public Debt as Perc of GDP,Households and Nonprofits_Net Worth,Corp_Net Worth,GDP
1969-01-31,103.010002,3.4,24.9872,36.19577,3610.6440000000002,883.4060000000001,993.337
1969-02-28,98.129997,3.4,24.9872,35.80077266403289,3610.7033209756682,889.7144793745142,998.8749410542584
1969-03-31,101.510002,3.4,24.9872,35.300020657310114,3613.381155646301,896.5241124832206,1003.5678853266403
1969-04-30,103.690002,3.4,24.9872,34.97403,3618.022,903.135,1009.02
1969-05-31,103.459999,3.4,24.9872,34.845649696508474,3624.8219818346033,910.0271685642003,1016.0664585814632
1969-06-30,97.709999,3.5,24.9872,34.902717177457276,3632.893853675405,916.7636216068594,1023.8094217953709
1969-07-31,91.83000200000001,3.5,24.9872,35.019459999999995,3639.933,923.842,1029.9560000000001
1969-08-31,95.510002,3.5,24.9872,35.17345000044861,3645.177929158925,931.0477240541595,1033.7521814504012
1969-09-30,93.120003,3.7,24.9872,35.345636321828756,3649.3675290417805,938.0838189213656,1035.5907793536685
1969-10-31,97.120003,3.7,24.9872,35.46954,3657.992,945.049,1038.147
1969-11-30,93.809998,3.5,24.9872,35.52486671508575,3671.3171202612657,951.4354642622882,1041.6586906175044
1969-12-31,92.059998,3.5,24.9872,35.510081172288515,3687.1735807695636,957.9473916135286,1046.2588047291201
1970-01-31,85.019997,3.9,24.9872,35.38879,3685.619,966.1489999999999,1051.2
1970-02-28,89.5,4.2,24.9872,35.182584293552495,3666.259489442945,975.2814962046966,1055.8572535703588
1970-03-31,89.629997,4.4,24.9872,34.874624237027135,3631.0084164656428,986.6938040395656,1061.3064007954042
1970-04-30,81.519997,4.6,24.9872,34.67329,3622.17,995.118,1067.375
1970-05-31,76.550003,4.8,24.9872,34.60057073277522,3647.00440245243,1000.3283544743185,1074.568434589399
1970-06-30,72.720001,4.9,24.9872,34.662017067586326,3698.924668354469,1002.6172722009446,1081.848187425405
1970-07-31,78.050003,5.0,24.9872,34.86717,3749.8,1006.1210000000001,1086.059
1970-08-31,81.519997,5.1,24.9872,35.217205842140146,3792.6188853562862,1011.4420609672154,1086.3006226223624
1970-09-30,84.300003,5.4,24.9872,35.632139355573024,3828.4710412229188,1018.2301675777604,1084.182394158663
1970-10-31,83.25,5.5,24.9872,35.74822,3872.9629999999997,1026.357,1088.608
1970-11-30,87.199997,5.9,24.9872,35.49620002397931,3925.3096475532593,1035.2065960010295,1100.7190578900959
1970-12-31,92.150002,6.1,24.9872,34.92985826400388,3986.1389411133077,1045.1886207256878,1119.7287628400059
1971-01-31,95.879997,5.9,24.9872,34.50345,4035.535,1054.87,1135.156
1971-02-28,99.04499799999999,5.9,24.9872,34.307606347874206,4067.5249862659193,1063.1797293254422,1144.4520238287341
1971-03-31,103.13999949999999,6.0,24.9872,34.285267727213295,4090.4095534516446,1071.9789055964773,1150.3318501681806
1971-04-30,108.125,5.9,24.9872,34.360890000000005,4109.340999999999,1080.612,1156.271
1971-05-31,103.9399985,5.9,24.9872,34.51997081284277,4127.453384191338,1089.758713666798,1163.6016338773495
1971-06-30,103.25,5.9,24.9872,34.7452009321491,4144.730564054354,1098.6544070037257,1171.4368048798597
1971-07-31,100.42499950000001,6.0,24.9872,35.00694,4169.628,1106.786,1177.675
1971-08-31,103.7249985,6.1,24.9872,35.29075559830096,4202.895600936387,1113.6562791034603,1181.5897693695795
1971-09-30,103.68499750000001,6.0,24.9872,35.556521905880054,4242.888849191143,1119.5692736198566,1183.9941735068674
1971-10-31,99.66500049999999,5.8,24.9872,35.63237,4291.192,1127.868,1190.297
1971-11-30,98.97999949999999,6.0,24.9872,35.48349270892967,4344.518004856507,1138.482332687588,1200.9197433145473
1971-12-31,108.10499949999999,6.0,24.9872,35.125828851852255,4403.677406488764,1151.5713624302516,1215.8939848917892
1972-01-31,111.4050025,5.8,24.9872,34.72622,4449.427,1163.312,1230.609
1972-02-29,115.9749985,5.7,26.2182,34.34106014610109,4477.2580493425285,1172.5094599428357,1243.4430544597897
1972-03-31,117.66999799999999,5.8,26.5612,33.93707810274,4493.858220975699,1180.6239578957836,1256.0407570894445
1972-04-30,119.5,5.7,25.5496,33.67383,4514.215999999999,1187.9460000000001,1266.369
1972-05-31,121.029999,5.7,25.8149,33.55635575670527,4542.929987969918,1195.181721155584,1274.9734214698046
1972-06-30,118.61000050000001,5.7,23.8359,33.57528623071935,4579.980431688406,1202.1420157438627,1281.8091747147048
1972-07-31,117.5699995,5.6,22.6023,33.62447,4639.4529999999995,1211.0510000000002,1290.566
1972-08-31,120.51999649999999,5.6,18.9615,33.685961497396576,4722.384908801307,1221.9964831315197,1301.5797269448933
1972-09-30,120.08000200000001,5.5,21.226,33.74705258199052,4817.739109891799,1234.2480694482342,1314.2873277064489
1972-10-31,120.9100035,5.6,22.1484,33.74758,4885.994000000001,1246.849,1328.904
1972-11-30,124.8150025,5.3,21.5958,33.677374311855104,4915.5071361789305,1258.7064766316298,1344.3870170538214
1972-12-31,125.8899995,5.2,21.2403,33.5297353756362,4913.274957637547,1270.7373629353503,1361.4426435456564
1973-01-31,122.2149965,4.9,22.072,33.29287,4909.902,1283.35,1377.49
1973-02-28,116.04500200000001,5.0,21.9871,33.00025983664677,4910.7929144616855,1295.3656645477065,1390.7990091763377
1973-03-31,114.489998,4.9,19.9682,32.61472659690913,4918.663248787977,1309.2668755880545,1404.0080753493276
1973-04-30,107.4099995,5.0,19.3753,32.34466,4949.452,1322.723,1413.8870000000002
1973-05-31,103.79499799999999,4.9,20.0875,32.20510615943371,5008.480871919949,1336.5116383722263,1420.8178857144026
1973-06-30,102.6200025,4.9,19.8371,32.18167592182951,5083.972224599873,1349.7727836916554,1425.3220790130295
1973-07-31,108.43,4.8,21.5621,32.12455,5130.451,1363.578,1433.838
1973-08-31,104.5600015,4.8,21.0822,32.00940116726573,5136.513982247953,1377.5179915589438,1447.2960036955915
1973-09-30,109.8149985,4.8,18.991,31.859776153783912,5110.75476593587,1391.285833411943,1463.7580041880497
1973-10-31,109.22999949999999,4.6,19.7926,31.77379,5094.899,1406.745,1476.289
1973-11-30,94.7350005,4.8,19.224,31.774045080002747,5096.8242368396695,1423.047329188002,1482.8131447397907
1973-12-31,94.8700025,4.9,19.2984,31.83182247682804,5113.443841883204,1441.407958747839,1485.081319771715
1974-01-31,95.75,5.1,18.3974,31.764490000000002,5124.396,1462.128,1491.2089999999998
1974-02-28,95.2849995,5.2,18.9821,31.56803683349123,5126.27290543096,1482.9963263770283,1501.3479203642305
1974-03-31,93.125,5.1,19.9475,31.2322514691544,5119.809943409822,1508.1554365429233,1516.767033357759
1974-04-30,88.5849995,5.1,20.5436,30.99462,5107.159000000001,1532.435,1530.056
1974-05-31,83.739998,5.1,20.2939,30.88058857691823,5087.908123957233,1557.027266708663,1540.930596557875
1974-06-30,80.97999949999999,5.4,19.7364,30.877966411185014,5067.07911990448,1582.6321455489845,1549.3460360984711
1974-07-31,74.649998,5.5,18.3143,30.86269,5067.2390000000005,1625.4479999999999,1560.026
1974-08-31,67.2600005,5.5,16.5819,30.81411035676321,5093.407362403215,1687.2909463019232,1573.412317752859
1974-09-30,59.604999500000005,5.9,18.2191,30.754146107041755,5141.8888119419125,1757.73579337798,1588.0954810870526
1974-10-31,69.56500249999999,6.0,18.5848,30.79768,5205.735,1793.8220000000001,1599.6789999999999
1974-11-30,66.460001,6.6,18.7033,30.960660818355787,5279.220506182635,1785.701932583338,1606.5674036357495
1974-12-31,64.189999,7.2,18.3034,31.239265798171235,5366.196111468619,1741.6266386065754,1610.1537616892294
1975-01-31,73.380001,8.1,19.2414,31.536040000000003,5457.696999999999,1717.4479999999999,1616.116
1975-02-28,77.29499799999999,8.1,17.99,31.805346757753895,5543.2074085295335,1721.3092922096266,1624.4566134722695
1975-03-31,79.5100025,8.6,16.4235,32.09236647606466,5635.8908147311795,1749.4354201963556,1636.9112216711453
1975-04-30,82.92000200000001,8.8,17.9004,32.27817,5690.31,1770.8310000000001,1651.8529999999998
1975-05-31,87.125,9.0,17.7252,32.35892164507048,5703.411058139417,1780.9626668472374,1670.2111799473082
1975-06-30,91.1049995,8.8,18.6439,32.349908041697475,5683.397075280936,1781.18249373683,1690.2509605511011
1975-07-31,85.970001,8.6,18.3607,32.38043,5686.28,1784.217,1709.82
1975-08-31,82.9449995,8.4,18.1499,32.47296785763815,5722.616464492554,1792.2114436185666,1727.6535650877067
1975-09-30,79.1000025,8.4,19.1779,32.610292801274916,5785.633581619481,1804.2227726064768,1743.7010454765964
1975-10-31,83.0149995,8.4,18.5596,32.7301,5854.185,1818.214,1761.8310000000001
1975-11-30,85.02000050000001,8.3,19.0059,32.81338473895219,5919.848618435943,1832.834715615502,1781.3153485145194
1975-12-31,83.9050025,8.2,19.8301,32.876483127968676,5986.997978007842,1849.2978503029472,1802.693782184783
1976-01-31,93.95500200000001,7.9,19.137,32.98513,6053.406999999999,1868.66,1820.487
1976-02-29,94.9850005,7.7,18.2271,33.13911047482608,6114.857181547686,1889.642849307653,1833.1044750347573
1976-03-31,96.695,7.6,18.2745,33.34482858572242,6178.525448492621,1914.3325705678858,1842.8860710053325
1976-04-30,95.86000050000001,7.7,18.4704,33.494640000000004,6230.295999999999,1935.5620000000001,1852.332
1976-05-31,94.11000050000001,7.4,17.523,33.581653606858254,6272.142276905037,1953.8270927884864,1862.7541138052336
1976-06-30,97.2999995,7.6,18.1481,33.610000359301026,6304.18309344964,1968.39024955882,1873.621783633233
1976-07-31,97.3650015,7.8,18.8452,33.64333,6346.418000000001,1983.016,1886.558
1976-08-31,96.3050005,7.8,18.7144,33.69099846716289,6400.888849771185,1997.674927499078,1901.3773718937996
1976-09-30,98.25,7.6,18.8674,33.746620353117734,6462.202685269932,2012.0407194799523,1917.3241807045436
1976-10-31,96.625,7.7,18.0138,33.78753,6515.116,2028.01,1934.273
1976-11-30,96.6100005,7.8,17.7141,33.806926714386094,6553.164893926815,2044.700637029314,1950.94282385128
1976-12-31,102.66999799999999,7.8,17.3776,33.79199197851427,6582.355062889175,2063.090435451826,1968.7022644646459
1977-01-31,98.785,7.5,18.7068,33.65136,6623.4130000000005,2081.78,1988.648
1977-02-28,97.195,7.6,18.4444,33.40249771665355,6674.090777561087,2098.7866235511065,2008.79428607164
1977-03-31,96.2749975,7.4,19.356,33.02863208910594,6742.395516156713,2117.716047419985,2033.0570772764138
1977-04-30,96.9600025,7.2,18.7753,32.80422,6802.302,2135.887,2055.909
1977-05-31,95.85499949999999,7.0,19.7583,32.761634711806465,6854.110454773566,2154.4609794500657,2078.3541278846596
1977-06-30,100.105003,7.2,19.6755,32.876855171943966,6896.221295612187,2172.3024751509543,2098.882772099134
1977-07-31,99.75,6.9,18.5828,32.98791,6942.488,2190.999,2118.473
1977-08-31,98.43499750000001,7.0,19.3327,33.062713034068345,6993.382507858007,2210.0260732226884,2136.349208031689
1977-09-30,98.6899985,6.8,19.0728,33.11278019195147,7046.410418389534,2228.5964467746326,2151.7775140000717
1977-10-31,94.9299965,6.8,20.1741,33.21873,7101.107,2246.949,2164.27
1977-11-30,98.990002,6.8,21.0989,33.38592064805976,7153.312316662107,2263.742048012694,2172.78142421508
1977-12-31,100.0750005,6.4,21.9856,33.579585325685535,7208.157141593124,2280.7480015736496,2180.3823882293555
1978-01-31,95.04499799999999,6.4,19.4106,33.5012,7274.459,2301.572,2202.76
1978-02-28,94.255001,6.3,20.502,33.15166735759952,7345.806131786057,2324.3009383900694,2238.120844390312
1978-03-31,97.70499799999999,6.3,19.633,32.5251279209625,7435.852415193977,2353.235314350629,2290.505841328937
1978-04-30,106.00500100000001,6.1,18.956,32.12444,7523.51,2381.3320000000003,2331.633
1978-05-31,108.739998,6.0,18.2244,32.01229055267024,7612.50585311227,2409.726036098744,2359.664887445724
1978-06-30,107.915001,5.9,18.9155,32.14556808133865,7695.714082628566,2436.630190586707,2375.255710264848
1978-07-31,113.5,6.2,16.858,32.21407,7769.909000000001,2464.121,2395.053
1978-08-31,119.14999800000001,5.9,19.0676,32.15934095073069,7830.669956021926,2491.343460254543,2421.184025568523
1978-09-30,117.715,6.0,19.145,32.00714615351832,7880.971936941754,2517.5467193495733,2450.9982949606815
1978-10-31,102.1350025,5.8,19.9431,31.862059999999996,7951.37,2545.203,2476.949
1978-11-30,104.6949995,5.9,18.995,31.75154398119971,8041.61431094979,2572.642472896279,2495.8575216512713
1978-12-31,107.045002,6.0,18.2551,31.65969191626594,8153.993870862683,2601.9013935994053,2510.155754848189
1979-01-31,112.875,5.9,17.6575,31.536009999999997,8262.004,2633.402,2526.61
1979-02-28,109.41999849999999,5.9,17.3903,31.38858874061649,8352.160838726877,2663.983330068676,2544.470529470592
1979-03-31,116.6749955,5.8,17.0007,31.197803484465332,8444.859788813425,2700.008573852937,2567.353481362379
1979-04-30,117.79000450000001,5.8,17.214,31.06277,8534.388,2735.815,2591.2470000000003
1979-05-31,115.25,5.6,17.9906,30.989980176279747,8628.107420689905,2773.543737060929,2617.470612388572
1979-06-30,120.5200045,5.7,17.8046,30.977664054058422,8720.114874353461,2810.2113649448856,2643.6882695791273
1979-07-31,122.57,5.7,19.6321,30.98402,8817.452,2844.781,2667.565
1979-08-31,129.880001,6.0,20.3538,31.00298023367288,8917.239415611948,2875.39903417561,2687.4975901579437
1979-09-30,129.64999799999998,5.9,19.0614,31.027913004224995,9013.715559271981,2901.65864331358,2703.954773420492
1979-10-31,118.6749995,6.0,18.867,31.02615,9097.940999999999,2927.7929999999997,2723.883
1979-11-30,125.20999950000001,5.9,18.5987,30.992388159783125,9162.056512920542,2952.50772056001,2746.919504611422
1979-12-31,129.5400005,6.0,18.3057,30.937893922481955,9215.664155175315,2978.0104429430094,2772.858504359165
1980-01-31,137.955002,6.3,18.3473,30.949820000000003,9290.453000000001,3007.054,2789.842
1980-02-29,135.8450015,6.3,18.7832,31.0350306880928,9385.079972000138,3038.0061324747458,2795.8284431256607
1980-03-31,116.54499799999999,6.3,17.9257,31.19695805054128,9509.756777829502,3074.927286804446,2793.884864259526
1980-04-30,123.14000300000001,6.9,18.819,31.37303,9636.377,3113.167,2797.3520000000003
1980-05-31,130.8449975,7.5,18.9067,31.56551706442562,9770.150368398787,3155.037003239292,2809.011110253904
1980-06-30,136.0099985,7.6,18.299,31.740871363993943,9901.231528590428,3197.3797031086615,2828.1696564423996
1980-07-31,146.739998,7.8,13.232,31.776870000000002,10030.66,3240.1259999999997,2856.4829999999997
1980-08-31,151.9500005,7.7,11.4228,31.643095887463787,10152.691801130899,3281.368706142474,2893.5147937028487
1980-09-30,156.609997,7.5,14.0933,31.381003918891867,10262.011834751096,3319.897508724267,2936.9849877881816
1980-10-31,160.125,7.5,15.3897,31.157,10354.927,3358.586,2985.5570000000002
1980-11-30,174.33499899999998,7.5,16.3809,31.014549115958367,10423.710127592314,3394.986273252416,3035.4290007153268
1980-12-31,169.0499955,7.2,21.8019,30.93575598749418,10478.504439746095,3431.8435588179423,3087.455943766127
1981-01-31,163.6800005,7.5,20.6861,30.872840000000004,10552.253,3469.967,3124.2059999999997
1981-02-28,164.6399995,7.4,21.5676,30.821446080364517,10640.591285069379,3505.8008833690974,3141.8534171171573
1981-03-31,173.0899965,7.4,21.4016,30.768587829063414,10755.176324387703,3545.71968754677,3147.7177122581284
1981-04-30,174.77500149999997,7.2,21.0311,30.70875,10835.946000000002,3576.184,3162.532
1981-05-31,178.02999849999998,7.5,21.0939,30.635388052803552,10878.867757475453,3597.535969396924,3191.8651163255226
1981-06-30,173.4800035,7.5,23.0563,30.56881445638685,10891.195081770878,3611.1855208984402,3230.5709536310687
1981-07-31,171.27500149999997,7.2,25.8919,30.60333,10937.271,3635.7090000000003,3260.6090000000004
1981-08-31,159.2700005,7.4,24.2405,30.75921005029692,11027.757621302513,3673.7498307449723,3277.1085953061693
1981-09-30,148.10499950000002,7.6,25.3772,31.018764705123782,11148.387813336794,3719.2046495592476,3281.3310640080144
1981-10-31,158.565002,7.9,24.5897,31.35587,11248.753999999999,3748.3,3280.8179999999998
1981-11-30,163.8599965,8.3,24.6025,31.741925024014527,11313.158532851272,3754.9295551230507,3276.7480312515945
1981-12-31,159.1949995,8.5,24.2737,32.16935697733167,11350.353430457882,3743.433385148718,3270.6684860448486
1982-01-31,154.39500049999998,8.6,23.3448,32.41298,11386.191,3738.191,3274.302
1982-02-28,146.269997,8.9,24.0695,32.44246377474137,11421.753815380791,3742.643328353629,3287.7110127906863
1982-03-31,143.8049965,9.0,25.8047,32.319515257536445,11465.43484146196,3756.5216694448877,3311.8330778785
1982-04-30,150.5699995,9.3,25.788,32.40213,11516.999,3771.0190000000002,3331.972
1982-05-31,145.209995,9.4,27.0755,32.76753815534974,11580.884022545291,3785.518458239352,3346.9637233167978
1982-06-30,140.455002,9.6,23.2418,33.35044511943871,11653.344878948777,3798.9762613438065,3356.5987910904764
1982-07-31,137.220001,9.8,22.8783,33.9253,11741.598999999998,3811.603,3366.322
1982-08-31,148.6100045,9.8,22.0895,34.42840475758747,11843.84585001126,3822.8153225780807,3376.604206806108
1982-09-30,154.03499599999998,10.1,22.1236,34.84405925410592,11954.38622946138,3832.984104777644,3387.5220684689
1982-10-31,173.175003,10.4,23.6954,35.18156,12069.618,3847.0009999999997,3402.5609999999997
1982-11-30,185.41999850000002,10.8,25.8076,35.416227352057916,12180.375727047789,3864.626552369864,3421.185846246398
1982-12-31,186.5250015,10.8,24.5949,35.58651357615255,12294.043168668575,3886.1555754912724,3444.7495528220143
1983-01-31,196.8250045,10.4,26.6297,35.82911,12406.915,3905.4320000000002,3473.413
1983-02-28,204.3650055,10.4,26.9112,36.13268624339197,12508.179818452338,3920.0459982566676,3503.7947356612603
1983-03-31,211.8799975,10.3,27.1643,36.54106697944845,12617.334676680164,3933.198800270754,3541.778896777114
1983-04-30,228.74499550000002,10.2,29.0716,36.87167,12705.8,3943.348,3578.848
1983-05-31,235.560005,10.1,31.38,37.119048448426696,12776.621421502197,3951.260411237008,3616.662415349944
1983-06-30,243.1700055,10.1,31.7899,37.26777073592726,12826.501051602381,3957.1717161520564,3652.7360071127096
1983-07-31,233.2599945,9.4,32.3551,37.3311,12866.821000000002,3966.205,3689.179
1983-08-31,228.4100035,9.5,34.0568,37.30315254742136,12897.069783070903,3978.994841244177,3724.7264508451876
1983-09-30,231.3600005,9.2,34.1286,37.20981560957197,12920.832520374579,3994.05090997144,3758.5559131234527
1983-10-31,219.0499955,8.8,32.0309,37.17553,12965.544,4006.6859999999997,3794.7059999999997
1983-11-30,226.0350035,8.5,31.4496,37.22312426933429,13032.398422602793,4015.187004243996,3831.125826506634
1983-12-31,221.7649995,8.3,32.4084,37.3431408382099,13121.84666168889,4021.213175626106,3869.9440552618835
1984-01-31,215.91999850000002,8.0,28.729,37.45447,13206.403,4031.415,3908.054
1984-02-29,204.8150025,7.8,29.3999,37.537741936533116,13276.948995308647,4045.86422649229,3942.75570715679
1984-03-31,204.97999600000003,7.8,30.8588,37.613312779446545,13346.639568992761,4066.2616972587853,3978.485394904529
1984-04-30,203.7450025,7.7,30.7637,37.72687,13429.166000000001,4089.1059999999998,4009.6009999999997
1984-05-31,191.685005,7.4,32.4164,37.89607656358905,13533.926301296173,4115.5876812184715,4037.77841881086
1984-06-30,196.41499349999998,7.2,34.4384,38.1220218702982,13650.164694945088,4143.803685213749,4061.499991614182
1984-07-31,190.1800005,7.5,33.4115,38.49586,13760.298,4174.402,4084.25
1984-08-31,210.659996,7.5,33.0015,39.02496997811592,13856.09000832065,4206.2613865011845,4105.524167191676
1984-09-30,208.020004,7.3,32.0728,39.638700185957084,13939.323109217234,4236.496777958013,4125.288942354773
1984-10-31,206.544998,7.4,33.6899,40.08547,14042.076000000001,4255.735,4148.5509999999995
1984-11-30,202.989998,7.2,33.2314,40.29030437374932,14161.905443943397,4260.937895871831,4174.391631034863
1984-12-31,207.1700055,7.3,33.3751,40.31330062927119,14303.411780186307,4254.896955166711,4203.682480911244
1985-01-31,581.7000123333333,7.3,33.9086,40.44121,14441.246000000001,4252.8679999999995,4230.168
1985-02-28,583.130005,7.2,33.749,40.69233349671403,14559.271602702273,4256.874494261578,4250.846870220462
1985-03-31,575.5466816666667,7.2,34.5591,41.08170937433174,14680.46362467066,4266.8218454537,4271.1747483116405
1985-04-30,572.8300223333333,7.3,32.0938,41.319829999999996,14773.322,4275.815,4294.887
1985-05-31,598.586675,7.2,33.2162,41.372362231809745,14841.038116040272,4283.219309760672,4324.891015330658
1985-06-30,607.8366596666666,7.4,32.9266,41.30585110118215,14888.428610866133,4289.289480628553,4357.817178565544
1985-07-31,613.2233123333334,7.4,34.3701,41.559090000000005,14976.868,4299.072,4386.773
1985-08-31,606.780009,7.1,34.1622,42.21302414034969,15115.070836949257,4313.191293556787,4409.0719026273855
1985-09-30,597.0033316666667,7.1,38.5276,43.133526667031724,15289.703485788199,4330.035265808454,4425.4383169942685
1985-10-31,618.8766886666666,7.1,37.719,43.78715,15471.253999999999,4344.712,4444.094
1985-11-30,662.7666676666666,7.0,39.169,44.03787268761096,15641.51598056197,4355.325563172608,4464.960463741584
1985-12-31,694.2833456666667,7.0,38.7581,43.97771595711894,15811.385300964204,4363.528473670058,4488.476370792098
1986-01-31,706.1899923333334,6.7,48.8439,44.07415,15972.181,4374.958,4507.894
1986-02-28,765.1600189999999,7.2,48.7562,44.36949027052493,16109.171962306289,4388.978894235139,4520.978518209475
1986-03-31,810.7366636666667,7.2,45.8571,44.885570813987584,16248.210774940228,4407.621235261987,4531.6478442362095
1986-04-30,800.8999986666668,7.1,48.3445,45.30682,16347.535,4422.498,4545.34
1986-05-31,841.419993,7.2,47.1326,45.60764395379449,16409.23075634712,4433.339236841611,4564.410421099433
1986-06-30,849.6866556666668,7.2,50.0823,45.80317527384134,16441.796998115944,4439.793547884353,4586.685172099089
1986-07-31,794.2766826666666,7.0,50.0001,46.12536,16526.496,4444.497,4607.669
1986-08-31,844.7233176666667,6.9,51.5288,46.60592692181733,16676.185761697125,4447.567753596937,4625.595055651625
1986-09-30,783.1999916666667,7.0,52.907,47.17275678995898,16876.132607708092,4450.2520786049345,4640.636095910243
1986-10-31,827.4966483333334,7.0,55.2701,47.552859999999995,17096.607,4460.76,4657.627
1986-11-30,841.0166623333334,6.9,56.7839,47.672677923369896,17316.590710775912,4479.68076180467,4676.07623148703
1986-12-31,828.9733123333334,6.6,58.2814,47.58604099491135,17543.17245582452,4506.603079257302,4697.394234953637
1987-01-31,941.4066773333334,6.6,50.4656,47.57835,17720.606,4530.332,4722.156
1987-02-28,977.7300006666668,6.6,64.1947,47.68409049078529,17831.214877301994,4547.384004030089,4747.6579665927975
1987-03-31,1008.8299863333333,6.6,58.9306,47.900852544014654,17909.677483023745,4562.364187594069,4778.58304753539
1987-04-30,997.5066933333334,6.3,63.4994,48.04867,18012.389,4579.095,4806.16
1987-05-31,999.3900246666667,6.3,63.8462,48.10493635077017,18160.410181236268,4599.923389826018,4831.214952147198
1987-06-30,1049.0766803333333,6.2,64.9828,48.085923678695764,18328.057268667268,4622.323409877509,4853.64680881626
1987-07-31,1108.5433553333335,6.1,68.5169,48.1165,18424.253,4640.295999999999,4884.555
1987-08-31,1149.2499796666668,6.0,72.7421,48.21902510991882,18425.201081993004,4651.768059477263,4924.910030665247
1987-09-30,1120.8033346666668,5.9,74.5026,48.378860076458174,18358.89399332832,4658.280948900092,4970.415743065941
1987-10-31,856.20667,6.0,75.7005,48.556670000000004,18369.62,4670.411,5007.994000000001
1987-11-30,789.6833546666667,5.8,74.3389,48.73309556085427,18480.150962852935,4688.975896225134,5032.678205258161
1987-12-31,838.8033193333332,5.7,74.8537,48.9114171999843,18682.778791211553,4714.283736041407,5048.888341011159
1988-01-31,853.3299966666667,5.7,89.2337,49.03151,18878.957,4739.878,5073.372
1988-02-29,902.1467080000002,5.7,82.9883,49.08240387883147,19041.10996316392,4763.122839307485,5106.623851750619
1988-03-31,873.8500266666666,5.7,82.9366,49.081326679065846,19191.874966906413,4787.288186199399,5151.099198179433
1988-04-30,890.9533183333333,5.4,84.3755,49.08744,19317.211,4810.388,5190.036
1988-05-31,887.8599956666667,5.6,85.3587,49.112765828768,19425.782545645863,4834.034798788831,5223.605257063169
1988-06-30,936.6366576666666,5.4,86.4066,49.15974347137079,19517.130954337317,4856.440365980472,5251.0187944441805
1988-07-31,929.3499856666667,5.4,86.1402,49.25732,19638.833,4877.434,5282.835
1988-08-31,889.9233396666665,5.6,87.6317,49.40901131719142,19795.166472294288,4895.957639432987,5319.644123128479
1988-09-30,924.1733093333333,5.4,89.4111,49.59138085191965,19973.36333287533,4915.129819105462,5359.260065229668
1988-10-31,936.7066343333332,5.4,89.439,49.71548,20146.85,4959.031,5399.509
1988-11-30,919.9033406666667,5.3,92.397,49.75734936410717,20298.366458116816,5028.426688697033,5437.034509453017
1988-12-31,942.5633543333333,5.3,98.1094,49.73389145491846,20440.069096614814,5119.98241125821,5474.456072211837
1989-01-31,1013.6966856666667,5.4,96.2831,49.73276,20579.793,5180.856,5511.253000000001
1989-02-28,982.3166299999999,5.2,97.5944,49.76472809092945,20706.304431489825,5201.681376991047,5544.067228007876
1989-03-31,998.3967080000002,5.0,101.3212,49.83078645650473,20848.76077884044,5191.885750757659,5579.749191044127
1989-04-30,1052.0133566666666,5.2,103.4502,49.8876,21002.222,5181.559,5612.463000000001
1989-05-31,1082.2899676666668,5.2,111.8518,49.93136880144416,21179.57050663107,5176.441306785977,5644.154960744434
1989-06-30,1064.446686,5.3,114.8592,49.980323919100904,21365.16391491473,5174.399890580742,5672.261232050469
1989-07-31,1153.5132956666666,5.2,122.6994,50.171170000000004,21544.752999999997,5159.689,5695.365
1989-08-31,1186.0066733333333,5.2,124.3889,50.5266878840127,21707.539746647933,5129.583326533877,5711.886721627136
1989-09-30,1171.6233519999998,5.3,126.5501,50.992866046875,21845.73804336986,5089.041161271874,5723.954044657492
1989-10-31,1147.0133563333331,5.3,126.9345,51.38111,21947.397999999997,5055.959,5747.236999999999
1989-11-30,1169.4533386666665,5.4,130.8807,51.631710854143336,22002.621709281626,5035.7214169593435,5782.57900646079
1989-12-31,1187.133311,5.4,132.1157,51.7835913639213,22025.09439811752,5026.110122884415,5829.906866734253
1990-01-31,1111.8066713333335,5.4,136.5371,51.96856,22076.312,5022.433,5872.701
1990-02-28,1128.3133343333332,5.3,129.6692,52.18579443612772,22157.06293428599,5023.362326390578,5905.081180052028
1990-03-31,1160.883321,5.2,123.2674,52.47371025347284,22270.67330377725,5028.166234224887,5934.518795923961
1990-04-30,1135.8866679999999,5.4,133.7227,52.7473,22314.68,5030.587,5960.028
1990-05-31,1232.2966410000001,5.4,126.9992,53.01426953262869,22273.917300494428,5029.580456353557,5983.999294536192
1990-06-30,1233.6699726666668,5.2,129.0601,53.285067586271175,22173.241591870134,5027.038656987066,6003.932871052006
1990-07-31,1233.183319,5.5,124.1826,53.753130000000006,22146.807999999997,5034.372,6015.116
1990-08-31,1106.040039,5.7,126.389,54.441579802243616,22222.588414371596,5053.747458962986,6015.728688730931
1990-09-30,1034.3433226666666,5.9,127.4238,55.274739030284486,22383.762594192493,5081.302749221143,6008.241640285492
1990-10-31,1025.3766886666665,5.9,125.4779,56.03613000000001,22580.974,5102.0109999999995,6004.733
1990-11-30,1080.3233030000001,6.2,126.5042,56.63371004900446,22792.016261940877,5111.875342891572,6007.413625752163
1990-12-31,1112.559967,6.3,123.2126,57.10538735773083,23017.629408664856,5113.15466668418,6016.811595363576
1991-01-31,1164.839966,6.4,119.7028,57.41652,23165.752999999997,5115.603,6035.178000000001
1991-02-28,1234.1166483333334,6.6,123.0472,57.557663555029464,23219.902659756415,5120.385135297616,6059.817235697996
1991-03-31,1257.1266986666667,6.8,122.6393,57.595166697735024,23206.34517741596,5126.688205525153,6094.619414780895
1991-04-30,1249.310038,6.7,122.5835,57.745509999999996,23214.257999999998,5121.944,6126.861999999999
1991-05-31,1307.813324,6.9,125.5709,58.065466467844054,23263.155954434224,5103.4567405544085,6156.894961573376
1991-06-30,1251.2766723333334,6.9,131.8668,58.521386742995176,23351.341514090946,5073.16092345093,6182.7479494845675
1991-07-31,1304.890025,6.8,125.9421,59.06123,23493.929,5033.738,6205.937
1991-08-31,1321.5700279999999,6.9,129.6219,59.657264636568925,23690.35297678448,4986.843822177225,6225.508162918086
1991-09-30,1310.5033366666667,6.9,126.6757,60.25480347915493,23915.380315765327,4934.857420586135,6242.18194463745
1991-10-31,1334.8433633333332,7.0,131.9536,60.685990000000004,24080.581000000002,4877.537,6264.54
1991-11-30,1264.5999856666667,7.0,134.0358,60.890235165932964,24158.9770302975,4819.089342180236,6292.318531334123
1991-12-31,1390.753367,7.3,133.2899,60.91820763727371,24166.833105967373,4758.4561031267785,6326.756026830614
1992-01-31,1417.4633076666669,7.3,138.6093,60.996790000000004,24170.85,4715.712,6363.102
1992-02-29,1437.9566446666668,7.4,143.7519,61.15428531951375,24182.50196904763,4694.844160227969,6398.198990097868
1992-03-31,1414.3200073333335,7.4,145.0034,61.39339833822348,24206.13229922153,4689.838577463488,6436.363682944083
1992-04-30,1450.9100343333332,7.4,146.9207,61.57938000000001,24256.543999999998,4683.0509999999995,6470.763000000001
1992-05-31,1465.8533020000002,7.6,148.8136,61.702989971254354,24340.2109456549,4670.461211532273,6503.093716834329
1992-06-30,1430.079997,7.8,142.74,61.77276675337563,24452.66919692968,4653.465781140973,6532.277035521002
1992-07-31,1466.280019,7.7,145.0931,61.898019999999995,24607.335,4634.635,6566.641
1992-08-31,1411.516632,7.6,141.8259,62.0946386562362,24802.07110075927,4615.128282407066,6606.339497095777
1992-09-30,1424.2566530000001,7.6,144.7746,62.33506921151926,25018.501957369568,4596.444235835798,6647.791904766944
1992-10-31,1416.716675,7.3,140.9868,62.52256,25206.565,4582.642,6680.803000000001
1992-11-30,1463.0933123333334,7.4,141.2312,62.627219902684345,25343.95143413225,4575.449045328189,6701.198356389239
1992-12-31,1471.2567033333332,7.4,130.6014,62.683925855580576,25444.83792700034,4574.546449401892,6712.689062342366
1993-01-31,1481.7066753333336,7.3,142.0965,62.866569999999996,25536.023999999998,4581.307,6729.459
1993-02-28,1494.9866946666668,7.1,147.5132,63.16706972970189,25614.954801941793,4594.157007242407,6751.443188916404
1993-03-31,1525.6367083333334,7.0,137.9881,63.61245673332535,25700.973596111657,4614.966720089347,6781.986353503698
1993-04-30,1509.7200113333336,7.1,142.6766,63.915240000000004,25798.519,4635.994000000001,6808.939
1993-05-31,1559.383321,7.1,137.6057,64.04722666297226,25917.239994508698,4657.496860809759,6832.3289315184165
1993-06-30,1556.8533630000002,7.0,140.9843,64.03507850679335,26048.52885268415,4678.3312864630425,6852.452992051077
1993-07-31,1564.099996,6.9,141.6755,64.10093,26195.127999999997,4701.428,6882.098000000001
1993-08-31,1619.216675,6.8,139.664,64.28341691924828,26351.84440453358,4726.373717337345,6922.634896529455
1993-09-30,1592.2767130000002,6.7,140.2762,64.53763277825696,26506.71868981381,4751.727479116261,6970.058474550747
1993-10-31,1642.5600283333333,6.8,142.1111,64.66861,26629.389,4775.708,7013.738
1993-11-30,1633.3766583333334,6.6,147.8778,64.63446159491473,26705.521393731357,4796.220396714537,7048.679233623343
1993-12-31,1665.7800293333337,6.5,151.3316,64.45893264975179,26746.271802856387,4815.935173432959,7079.083662534801
1994-01-31,1753.480021,6.6,146.0897,64.30709,26787.322999999997,4842.468,7115.651999999999
1994-02-28,1697.220011666667,6.6,144.5627,64.21574839709854,26830.60636478405,4873.567665160619,7155.810258624323
1994-03-31,1608.3966573333335,6.5,149.4748,64.15895050352061,26888.034100584297,4914.426090557497,7206.062141226366
1994-04-30,1622.1466573333335,6.4,141.5141,64.10716,26970.132,4950.9,7246.931
1994-05-31,1650.0200396666667,6.1,142.4071,64.04865745016689,27085.78812806978,4983.514535207415,7278.420041314614
1994-06-30,1591.7299906666667,6.1,155.6435,63.997107932435824,27219.472253261567,5011.760446033248,7300.897905878479
1994-07-31,1648.3066609999998,6.1,140.3225,64.01176,27328.96,5047.629,7331.075
1994-08-31,1718.1766356666667,6.0,138.653,64.10583336990396,27400.85133973889,5091.963288040554,7370.836852557903
1994-09-30,1690.0633033333331,5.9,138.1995,64.25792357936757,27446.26948975443,5140.591962266746,7416.126507567574
1994-10-31,1719.3200376666666,5.8,132.7996,64.38584,27542.031000000003,5181.952,7455.2880000000005
1994-11-30,1647.746663,5.6,128.6861,64.46676176558243,27693.600381377903,5211.039029790434,7483.4792581437805
1994-12-31,1681.8899839999997,5.5,130.3321,64.52334442406193,27902.586804903694,5232.098160328466,7503.728498621553
1995-01-31,1689.8267106666665,5.6,132.4215,64.66271,28110.527000000002,5258.743,7522.289000000001
1995-02-28,1764.0566813333335,5.4,135.4439,64.87662233304604,28289.13661378678,5289.8654564017215,7538.725278350275
1995-03-31,1825.2033179999999,5.4,132.5136,65.1770491010484,28478.88881929072,5331.451962382691,7557.360172424688
1995-04-30,1893.3200073333335,5.8,135.6868,65.31294,28668.71,5374.427,7580.996999999999
1995-05-31,1954.3733926666664,5.6,134.2587,65.24949571961523,28874.10324406093,5420.7715977638745,7612.248468066648
1995-06-30,2011.43337,5.6,134.4045,65.01414144940405,29082.195918879814,5464.141463636282,7647.941632405759
1995-07-31,2090.5800783333334,5.7,135.5915,64.73906,29309.26,5486.169,7683.125
1995-08-31,2064.183349666667,5.7,137.5286,64.4560788429045,29548.95393483607,5481.512020656265,7715.366064379538
1995-09-30,2139.01003,5.6,136.3817,64.20731052475588,29789.593614468813,5457.521759551143,7744.017531951494
1995-10-31,2124.3466796666667,5.5,137.8598,64.18281999999999,30026.006,5450.142,7772.585999999999
1995-11-30,2246.3533933333333,5.6,147.4589,64.41679329093702,30239.591183704906,5465.772561807355,7799.480243640683
1995-12-31,2261.726705,5.6,139.8733,64.85445956557663,30444.453350829033,5501.745480947221,7828.1681990421675
1996-01-31,2363.703288,5.6,129.624,65.04171,30632.352000000003,5534.165,7868.468000000001
1996-02-29,2408.700053,5.5,131.1767,64.91769374737396,30792.632087649246,5557.4545762274065,7918.405398637065
1996-03-31,2444.6800536666665,5.5,134.4293,64.52495528244974,30945.569190372145,5575.720259095864,7981.621887140871
1996-04-30,2471.2566936666667,5.6,135.2204,64.2497,31064.392000000003,5592.279,8032.84
1996-05-31,2518.5767416666663,5.6,140.4382,64.14144617977598,31154.937603594815,5609.251540315321,8071.780568002105
1996-06-30,2503.4266359999997,5.3,136.8526,64.18627427001934,31224.984077787794,5624.22263990936,8098.537060794491
1996-07-31,2416.483378,5.5,146.4752,64.25469,31365.52,5629.823,8131.408
1996-08-31,2469.8999836666667,5.1,148.5686,64.32360672240091,31589.632211855263,5624.005174196298,8172.323882850135
1996-09-30,2598.806661,5.2,147.0612,64.38931952737803,31865.376876609876,5617.232667379185,8217.81941720179
1996-10-31,2652.053304333333,5.2,148.9527,64.44697,32079.857000000004,5670.715999999999,8259.771
1996-11-30,2857.1100666666666,5.4,140.2443,64.49138094607645,32198.52127414867,5790.733915468763,8293.711738313443
1996-12-31,2826.6800129999997,5.4,146.1912,64.50388360824549,32260.77270272311,5967.932006099079,8323.9831850496
1997-01-31,2993.0332643333336,5.3,161.9214,64.34428,32462.839,6088.313,8362.655
1997-02-28,2992.5200803333337,5.2,149.8888,64.03104045845218,32796.32182837953,6131.2359020437,8406.837663675877
1997-03-31,2854.099975333333,5.2,156.7722,63.53060364804151,33306.47138327216,6119.913443806213,8464.440582238516
1997-04-30,3023.7000123333332,5.1,151.8532,63.109069999999996,33772.114,6140.48,8518.825
1997-05-31,3193.199991666667,4.9,155.7744,62.78179552322949,34190.3529986074,6212.454473303818,8571.598712647496
1997-06-30,3333.3365886666666,5.0,156.8235,62.57285597985552,34531.830581170034,6319.971362333218,8619.095318119718
1997-07-31,3590.239888666667,4.9,158.4099,62.48709,34804.262,6399.076,8662.823
1997-08-31,3369.7299396666663,4.8,154.8776,62.536705801302446,34992.4521475486,6433.873810548998,8700.835997829025
1997-09-30,3526.089925,4.9,155.3775,62.686048938058626,35128.89674674515,6437.56600873027,8732.921428273079
1997-10-31,3316.776692666667,4.7,163.5687,62.77032,35441.561,6487.738,8765.907
1997-11-30,3459.6833903333336,4.6,163.0588,62.7565085018107,35944.80703231661,6593.355780191362,8798.404410341287
1997-12-31,3483.0265913333333,4.7,153.3513,62.652110925819066,36627.57587692237,6746.46014483147,8832.486502128373
1998-01-31,3502.0466713333335,4.6,155.4686,62.50988,37190.797999999995,6848.428000000001,8866.48
1998-02-28,3788.5232343333337,4.6,193.9159,62.35712638640334,37553.13697419763,6881.905532198216,8897.016070522963
1998-03-31,3912.413208,4.7,158.2081,62.15128901107864,37784.28658222058,6865.624162725171,8931.35049067146
1998-04-30,4014.5100503333338,4.3,149.4063,61.85196,37786.594,6871.043000000001,8969.699
1998-05-31,3923.213378666667,4.4,157.4607,61.42645773296543,37549.918336721385,6913.489169675724,9015.540556942893
1998-06-30,3993.533162333333,4.5,157.4673,60.93866244127488,37177.26257896977,6981.500165115752,9065.588890052484
1998-07-31,3958.7833659999997,4.5,156.7418,60.58693,37199.818999999996,7024.319,9121.097
1998-08-31,3331.8666176666666,4.5,156.3435,60.42827719441044,37728.836222934435,7030.06586053082,9180.113485687547
1998-09-30,3517.8233643333333,4.6,157.8412,60.42956178635009,38618.82099943427,7006.996658414421,9239.237951243547
1998-10-31,3820.7198893333334,4.5,152.7366,60.40696,39268.801,6995.826,9293.991
1998-11-30,4076.573283,4.4,151.2198,60.33291204988039,39532.65651506854,7003.941350248596,9339.511473668521
1998-12-31,4201.116536333334,4.4,151.3915,60.20206538032208,39498.970698999234,7028.704785153863,9379.572980463536
1999-01-31,4381.453328666667,4.3,146.7719,60.01334,39607.432,7049.807,9417.264000000001
1999-02-28,4277.646687666667,4.4,148.9631,59.79272352968173,39897.00251448649,7062.611334925643,9449.992629922792
1999-03-31,4511.310017666667,4.2,143.7972,59.49907677926455,40374.156952939804,7073.837011478074,9485.534346164257
1999-04-30,4889.026733333333,4.3,150.7445,59.205059999999996,40634.083,7107.391,9524.152
1999-05-31,4777.36674,4.2,148.9031,58.899017199499696,40622.14426902754,7170.657972953187,9569.407062116068
1999-06-30,5009.876627666667,4.3,147.9819,58.614638677689896,40429.54544313352,7254.071740778581,9619.179556005762
1999-07-31,4874.120117333333,4.3,143.9705,58.42135,40616.6,7328.434,9681.856
1999-08-31,4963.013468333334,4.2,144.9428,58.344925818272614,41291.037845084415,7385.010154688696,9756.80156171543
1999-09-30,4788.606689333333,4.2,145.1218,58.362273269195924,42321.4557587347,7423.225255575946,9836.681344706338
1999-10-31,5019.740112666666,4.1,147.7745,58.34802,43229.486,7448.154,9899.378
1999-11-30,5200.959838666667,4.1,153.3965,58.28312134703053,43870.22829355413,7458.586805843596,9936.516567883413
1999-12-31,5678.560058666667,4.0,147.2393,58.134298918854775,44289.8064595622,7455.375453081431,9957.266223109697
2000-01-31,5425.113444,4.0,160.6795,57.71743000000001,44484.655,7438.941,10002.857
2000-02-29,5397.139851666666,4.1,159.2653,57.054970019644486,44466.99339733682,7411.756822639643,10074.88960079223
2000-03-31,5664.443318666667,4.0,162.127,56.13147297175837,44287.383428221285,7381.37585830506,10175.362178817875
2000-04-30,5349.000040666667,3.8,158.5165,55.485130000000005,44275.981,7419.036,10247.679
2000-05-31,5114.613322,4.0,149.8796,55.15924051868413,44492.325737912826,7540.107633288355,10287.630213662127
2000-06-30,5289.533243666667,4.0,151.1242,55.116384237632886,44867.605411487006,7735.060006076102,10298.676722500384
2000-07-31,5239.933471666666,4.0,147.7191,54.983290000000004,45079.183,8005.991,10319.825
2000-08-31,5646.376587,4.1,156.2165,54.69854679885806,45054.048251112516,8345.735089663485,10357.208365826518
2000-09-30,5253.416666666667,3.9,155.7736,54.336592746492826,44837.83678107483,8711.010157967698,10404.681005282244
2000-10-31,5256.723185,3.9,144.2026,54.24085,44628.413,8942.19,10439.025
2000-11-30,4775.790039,3.9,132.6782,54.47548940707199,44472.78227407659,8995.331019970157,10453.861830527836
2000-12-31,4859.596761,3.9,147.9945,54.965753191727764,44386.61750745152,8900.985118423949,10455.040435787247
2001-01-31,5008.700114,4.2,154.7089,55.1304,44542.727999999996,8827.47,10472.879
2001-02-28,4629.016764,4.2,153.1641,54.91083195260829,44917.44555093137,8805.387209368155,10508.063471738882
2001-03-31,4293.123413,4.3,142.0541,54.346579258825294,45509.15022179118,8822.722360849557,10562.87028057646
2001-04-30,4700.223226,4.4,149.466,54.037659999999995,45730.32,8834.332,10597.822
2001-05-31,4759.416788666666,4.3,150.0393,54.07559153283685,45489.626850112945,8831.56027032988,10608.433624550451
2001-06-30,4629.1068116666665,4.5,147.0273,54.41501137863776,44917.159802658316,8821.932992769358,10598.557977982062
2001-07-31,4587.056518333334,4.6,142.6951,54.80656,44700.812999999995,8851.372,10596.294
2001-08-31,4296.253336666667,4.9,140.5072,55.19451972415915,44986.1393002666,8928.560250000577,10606.866613470238
2001-09-30,3795.7665199999997,5.0,132.0401,55.54587694207259,45658.19758434667,9036.752149479378,10628.803751992167
2001-10-31,3941.706542666667,5.3,147.1245,55.75305,46243.846,9107.296999999999,10660.294
2001-11-30,4307.1964923333335,5.5,134.4753,55.78200232592904,46623.57722236306,9123.67347485257,10698.789160862008
2001-12-31,4373.350097666666,5.7,138.8596,55.67306992261289,46829.51116857725,9095.848754021656,10745.325030858881
2002-01-31,4328.07666,5.7,114.7608,55.66835,46889.401,9079.24,10788.952
2002-02-28,4314.7832843333335,5.7,125.6751,55.791218473034085,46824.621433274864,9082.558568732218,10824.359951617676
2002-03-31,4465.560140333334,5.7,130.439,56.04300030281472,46623.596811455616,9101.344959728509,10859.650596443078
2002-04-30,4237.123250333333,5.9,143.7597,56.24119,46314.554000000004,9101.294,10893.207
2002-05-31,4202.706665000001,5.8,126.0791,56.366622858896434,45879.87573838058,9075.706920351404,10927.932206586973
2002-06-30,3898.763244666666,5.8,127.5777,56.44133655566768,45408.825831512026,9043.898852649478,10961.122205976331
2002-07-31,3658.823283,5.8,127.9357,56.661269999999995,45258.0,9115.702,10992.051000000001
2002-08-31,3631.4733276666666,5.7,124.502,57.05791741665661,45512.90466192737,9312.444953780328,11019.070065071148
2002-09-30,3193.0900880000004,5.7,129.1641,57.55722231070045,46067.32197710083,9597.729531198971,11042.626590044194
2002-10-31,3537.5134276666668,5.7,132.443,57.85782,46460.227999999996,9838.017,11071.463
2002-11-30,3770.3932903333334,5.9,123.3658,57.88751440159182,46587.69986836931,9993.733776348523,11104.850506756698
2002-12-31,3518.9866333333334,6.0,128.3269,57.71589704704823,46530.318993973655,10082.639539551774,11144.224972094977
2003-01-31,3410.1400350000004,5.8,124.9329,57.77056999999999,46741.208,10145.498,11183.507
2003-02-28,3356.583374,5.9,125.1269,58.08057404347677,47232.76551524106,10187.100992617892,11218.135540793122
2003-03-31,3393.8266399999998,5.9,115.7969,58.64311487060838,48044.29438906962,10217.699981691181,11257.877286875846
2003-04-30,3620.4399620000004,6.0,113.0903,58.960440000000006,48671.179000000004,10240.463,11312.875
2003-05-31,3803.253275666666,6.1,116.8411,58.96406751038286,49069.70909378707,10258.638246920545,11389.833375924902
2003-06-30,3860.913493,6.3,125.9753,58.72109742254933,49265.43309126607,10265.960395971744,11480.206652691299
2003-07-31,3986.376607666667,6.2,126.6818,58.64208000000001,49596.274000000005,10230.641,11567.326000000001
2003-08-31,4078.093424666667,6.1,120.4636,58.808653918502415,50111.65281232159,10146.38418661714,11644.315528826823
2003-09-30,4019.323160666667,6.1,121.4878,59.16180310105016,50777.33659606027,10035.484015869652,11709.50002572159
2003-10-31,4261.346679666666,6.0,121.3702,59.4596,51582.093,9999.77,11769.275
2003-11-30,4266.973307333334,5.8,116.2349,59.64094486032997,52465.227686874205,10058.779889552212,11820.107439396266
2003-12-31,4523.069987,5.7,97.4578,59.732905081735716,53437.32897367665,10206.803145388794,11867.180115947014
2004-01-31,4561.783406666666,5.7,112.9119,59.82355,54161.473,10381.69,11920.169
2004-02-29,4586.226603,5.6,108.2992,59.9225837519991,54564.682829186815,10559.679399282424,11976.943059744346
2004-03-31,4492.710042333333,5.8,124.856,60.03233661238665,54750.14788483144,10763.055734071248,12044.210240966453
2004-04-30,4417.673462,5.6,105.6895,60.07385,54975.78599999999,10959.067,12108.987
2004-05-31,4431.956746333333,5.6,116.4103,60.037000960140816,55310.768668297955,11158.202556972774,12174.314109644929
2004-06-30,4541.370158000001,5.6,113.117,59.95055699003304,55742.507568237445,11343.804126930456,12236.535560135555
2004-07-31,4376.263305666666,5.5,111.4776,59.976009999999995,56356.974,11504.093,12303.34
2004-08-31,4372.086629333334,5.4,107.6055,60.1458399268017,57152.013379502416,11628.363668198352,12373.281238296802
2004-09-30,4363.896484333333,5.4,108.8944,60.4220032743862,58039.246806852934,11715.309991411605,12444.203731975613
2004-10-31,4377.553222666666,5.5,101.3778,60.66032,58735.019,11776.93,12522.425
2004-11-30,4566.216512,5.4,110.7254,60.8197605814904,59140.35241221053,11810.226724252965,12603.149283396178
2004-12-31,4723.456583666666,5.4,109.2032,60.91244615192949,59335.07221304568,11826.285259193492,12689.173349995646
2005-01-31,4577.8734540000005,5.3,108.4678,60.94141,59639.301,11880.327,12761.337
2005-02-28,4673.850138666667,5.4,107.3014,60.91425957444432,60059.851935752085,11970.456053075775,12812.075906951417
2005-03-31,4561.193237333333,5.2,121.7403,60.827402068465595,60665.29919638612,12109.2980245382,12855.964542037342
2005-04-30,4423.669922,5.2,114.4537,60.700869999999995,61252.166,12239.601,12910.021999999999
2005-05-31,4575.73348,5.1,106.3725,60.52910920475249,61831.67990713901,12361.391947640157,12982.645586715335
2005-06-30,4507.753214666666,5.0,107.0381,60.35383353591926,62368.10633518738,12471.450512138417,13065.70165442781
2005-07-31,4686.640096,5.0,108.6728,60.3575,62907.685999999994,12606.503,13142.873
2005-08-31,4618.006551,4.9,118.236,60.58115288261624,63434.03311756677,12768.10063597017,13207.62762119373
2005-09-30,4649.733398333333,5.0,114.1511,60.96655529929534,63942.624640692105,12941.474560076738,13262.035629160353
2005-10-31,4589.126790666666,5.0,108.8011,61.28276999999999,64542.295,13085.671999999999,13332.316
2005-11-30,4762.723388333333,5.0,104.3682,61.46890380803076,65206.178277529136,13183.10449353344,13417.499137209019
2005-12-31,4723.703369,4.9,100.3299,61.54320327889466,65930.32123370339,13250.948660954999,13518.677919381342
2006-01-31,4816.920125333333,4.7,104.9596,61.534819999999996,66385.238,13353.65,13603.933
2006-02-28,4851.820027666667,4.8,110.1329,61.46188930063497,66517.5761386007,13486.818523169635,13662.765978068783
2006-03-31,4914.660115666667,4.7,113.7691,61.32463646792563,66415.13287383121,13671.548562794276,13709.757249476843
2006-04-30,5000.106567,4.7,111.6042,61.23753000000001,66450.295,13839.632,13749.806
2006-05-31,4872.4264729999995,4.6,105.0241,61.21529102409815,66702.37351661111,13992.63813308454,13788.137384693386
2006-06-30,4864.169922,4.6,100.0227,61.25639428486037,67131.67589795806,14118.595255418179,13823.656892494775
2006-07-31,4851.269897666666,4.7,103.1928,61.34482,67618.332,14212.589,13867.469
2006-08-31,4956.240112333333,4.7,101.7515,61.476842539818065,68124.13010996592,14267.622043028317,13919.954040513865
2006-09-30,5091.116740333334,4.5,103.446,61.643271222270236,68623.63490610995,14293.219536432862,13977.79937877408
2006-10-31,5275.126790333333,4.4,115.9238,61.83716999999999,69098.158,14350.888,14037.228000000001
2006-11-30,5351.443237666666,4.5,112.0277,62.04318422473025,69508.88201156787,14446.342374755452,14093.201375753812
2006-12-31,5432.246826333333,4.4,115.8553,62.24929376904178,69877.42070035385,14580.815996211471,14149.927835805925
2007-01-31,5507.953450666667,4.6,105.6854,62.284,70152.322,14718.942,14208.569
2007-02-28,5363.866577,4.5,112.465,62.14283638245145,70314.49598734622,14841.823134493796,14263.64719772117
2007-03-31,5398.949829,4.4,93.5818,61.83677387926838,70420.41883551294,14974.936768712776,14326.092510467042
2007-04-30,5690.123413,4.5,105.8592,61.65661,70589.387,15095.311000000002,14382.363000000001
2007-05-31,5920.926554333332,4.4,109.0541,61.64370946387346,70860.79593378105,15209.864551669383,14435.080386506454
2007-06-30,5838.400024333333,4.6,104.5038,61.78184862366908,71181.48146292905,15312.257001476532,14482.151401952495
2007-07-31,5737.843424666667,4.7,98.8109,61.97214,71346.856,15415.97,14535.003
2007-08-31,5809.363443666666,4.6,102.4016,62.19284502573656,71306.06234987453,15518.659084631438,14593.50879228066
2007-09-30,6041.2932943333335,4.7,99.8283,62.45098211114564,71072.45332071932,15606.572164008496,14650.870314005164
2007-10-31,6112.836629333334,4.7,95.3482,62.862590000000004,70644.197,15619.096000000001,14681.501
2007-11-30,5837.939901000001,4.7,104.1502,63.41670707609566,70051.09109923358,15544.934051454911,14678.78414402293
2007-12-31,5795.153442333333,5.0,99.8557,64.08311573686726,69289.69017797241,15388.498097648298,14650.910426681918
2008-01-31,5472.923502666667,5.0,97.1568,64.41587,68607.906,15210.718,14651.038999999999
2008-02-29,5289.499877666666,4.9,92.5968,64.35592052814496,68079.36466952242,15034.721527267076,14685.133225121914
2008-03-31,5288.229899,5.1,93.703,64.0119276265827,67605.24690398732,14854.304430055396,14751.403384446272
2008-04-30,5539.5066326666665,5.0,90.4955,64.11086999999999,67079.076,14796.601,14805.611
2008-05-31,5520.453409999999,5.4,97.905,64.7923832496258,66436.28607641197,14878.32526752272,14843.983039257168
2008-06-30,4974.329915333333,5.6,104.8898,65.98287580372511,65710.70962082736,15057.302226228618,14860.647202097505
2008-07-31,4990.316528333334,5.8,107.1886,67.57396999999999,64805.568,15111.583999999999,14835.187
2008-08-31,5064.769979,6.1,97.6915,69.50078723352698,63734.47808602781,14994.305025937392,14762.779844435961
2008-09-30,4702.966674666666,6.1,102.0567,71.60189086237973,62591.015296327256,14752.181771672944,14656.124068375897
2008-10-31,4004.9032389999998,6.5,106.6824,73.48998,61622.687000000005,14589.128,14559.543
2008-11-30,3753.616658333333,6.8,104.4554,74.96003118596039,60943.04670557023,14550.384519078725,14487.383093566357
2008-12-31,3752.2232256666666,7.3,110.7348,76.15414629515335,60502.16172030173,14593.84404496246,14433.758236418375
2009-01-31,3434.386637333333,7.8,97.8208,77.2997,60297.437999999995,14469.683,14394.546999999999
2009-02-28,3058.620056333333,8.3,98.7155,78.33577994470642,60310.990529003786,14174.811437628814,14370.467481506912
2009-03-31,3311.793294333333,8.7,102.593,79.46756310268104,60536.874953432845,13678.393297986226,14356.103289640982
2009-04-30,3586.0767213333334,9.0,103.3105,80.4389,60909.393,13236.613000000001,14352.85
2009-05-31,3731.2666830000003,9.4,99.0684,81.29274032800271,61441.921439599064,12861.909030480136,14360.158595232446
2009-06-30,3733.786682,9.5,95.6117,81.98064882975635,62052.411330378236,12585.086050354206,14379.057396683113
2009-07-31,4045.863444,9.5,92.5762,82.59064000000001,62479.299000000006,12429.71,14420.312
2009-08-31,4175.320109,9.6,97.8809,83.10511590965898,62648.80139950695,12414.11404812969,14485.223852068088
2009-09-30,4297.260050333333,9.8,94.1269,83.54652573033714,62626.33668377391,12503.478609980652,14564.823719535792
2009-10-31,4264.676798333333,10.0,94.3044,84.16278,62781.584,12522.298999999999,14628.021
2009-11-30,4528.356649,9.9,93.398,84.94859353696677,63163.093155873175,12440.729146267015,14664.995543842608
2009-12-31,4604.099894333333,9.9,86.7104,85.91412957650064,63722.891469624796,12291.80048494145,14684.094734117247
2010-01-31,4429.516723666667,9.8,104.6904,86.76598,63982.051,12322.917,14721.35
2010-02-28,4556.003255333333,9.8,101.3311,87.39638502822078,63885.93753944465,12543.395864389322,14776.358124408089
2010-03-31,4808.0066326666665,9.9,100.993,87.95474025430373,63510.791633774075,12959.81428670915,14856.628924358174
2010-04-30,4885.496744666667,9.9,100.5754,88.44771,63503.485,13272.89,14926.098
2010-05-31,4494.3599853333335,9.6,93.313,88.92668719647548,63988.92258263838,13450.833912667717,14983.857564761602
2010-06-30,4304.656494,9.4,100.8596,89.37701586136657,64845.26735477627,13465.3510236366,15028.736001376343
2010-07-31,4607.413452333333,9.4,106.7944,89.93168,65555.923,13210.841,15079.917
2010-08-31,4392.693237333333,9.5,104.0874,90.59419549283973,65994.41926958851,12664.741644044821,15138.666654312401
2010-09-30,4765.956624333334,9.5,106.2128,91.31794345433474,66202.42335966277,11933.57558750096,15198.949808459362
2010-10-31,4936.386718666668,9.4,96.6795,92.02388,66464.963,11443.608999999999,15240.843
2010-11-30,4894.933186666666,9.8,97.4601,92.64637591831186,66807.88498648917,11301.401702765883,15257.865724037305
2010-12-31,5162.673299333333,9.3,82.0493,93.18561244381594,67237.07553497855,11451.921552491827,15258.180306185059
2011-01-31,5292.709920333334,9.1,106.3954,93.35519000000001,67633.892,11613.798999999999,15285.828000000001
2011-02-28,5445.276611666667,9.0,100.21,93.15021987141425,67947.87980788335,11725.22600381865,15341.165984297793
2011-03-31,5475.543497666667,9.0,101.012,92.63635883137684,68206.61274517926,11813.733160838052,15429.116436366978
2011-04-30,5682.563354333334,9.1,100.6991,92.5588,68111.91900000001,11888.073,15496.188999999998
2011-05-31,5583.430013,9.0,104.8129,93.05426514253394,67606.06657849024,11957.932227306384,15537.873891876628
2011-06-30,5502.833293,9.1,101.6522,93.9974241391961,66829.96287917958,12015.577043809551,15557.216307206885
2011-07-31,5397.300048666667,9.0,96.6245,94.85943,66418.07,12044.4,15591.85
2011-08-31,5137.293416333333,9.0,98.1789,95.50893995750474,66516.36776262795,12038.586641329091,15647.393167173857
2011-09-30,4820.066609666666,9.0,98.3869,95.95673397561853,67048.62363072817,12004.323592111827,15718.790374600889
2011-10-31,5297.573242333333,8.8,98.6854,96.36931,67742.049,11966.84,15796.46
2011-11-30,5304.326579,8.6,95.5807,96.74161062059193,68503.26630525257,11932.895328131195,15873.128250481022
2011-12-31,5360.103149333333,8.5,97.9,97.09776057514561,69325.56323862531,11904.200595390928,15952.151199441067
2012-01-31,5586.386759333333,8.3,103.3864,97.42044,69817.093,11907.378,16019.758
2012-02-29,5761.546753333333,8.3,101.3439,97.69128410429514,69918.27921254873,11943.29784746224,16070.860088183155
2012-03-31,5904.026692666666,8.2,98.2955,97.94729116654146,69738.57920220237,12012.170018157298,16113.863752154295
2012-04-30,5885.966674666666,8.2,98.954,98.15989,69859.079,12080.107,16152.257
2012-05-31,5510.373413,8.2,98.1488,98.3428447961524,70396.47039415658,12146.239645900507,16190.144170086724
2012-06-30,5725.766642333333,8.2,100.9721,98.50900361036257,71231.82246703598,12201.467642865391,16224.8421700921
2012-07-31,5775.839884666667,8.2,99.4651,98.82568,71886.80099999999,12218.838,16257.151000000002
2012-08-31,5854.793253666667,8.1,95.7604,99.31560294753146,72241.65095177141,12190.782291900821,16285.605170490158
2012-09-30,5998.009969000002,7.8,96.5395,99.91916451862049,72382.46815296335,12128.634819826722,16312.504188702791
2012-10-31,5828.616658333333,7.8,103.3996,100.45154000000001,72845.79400000001,12080.57,16358.863000000001
2012-11-30,5817.333374000001,7.7,104.6564,100.84287137740753,73684.91290960665,12057.943666330331,16424.723586705724
2012-12-31,5849.946532999999,7.9,99.0783,101.11417583273494,74863.64712888902,12062.00704261662,16508.44848975164
2013-01-31,6166.939982,8.0,97.8017,101.21783,75770.674,12111.593,16569.591
2013-02-28,6243.120076333334,7.7,98.9136,101.1623944006407,76266.298553795,12198.206725922784,16599.51123551315
2013-03-31,6471.75,7.5,99.1332,100.94147177737806,76528.28769401697,12336.210857197118,16610.60806856715
2013-04-30,6588.71993,7.6,99.9354,100.6034,76956.522,12484.822,16637.926
2013-05-31,6734.073405,7.5,99.5938,100.13273926143219,77672.21466848758,12648.512343726605,16691.039223142638
2013-06-30,6639.7098793333325,7.5,97.2092,99.61272400438781,78587.13171465677,12810.494850365796,16764.324703128674
2013-07-31,6937.213378666666,7.3,98.404,99.34376,79495.69900000001,12942.107,16848.748
2013-08-31,6677.716552666668,7.2,99.0137,99.40310798642643,80322.64047117048,13030.823595603475,16939.702010698617
2013-09-30,6860.899983666666,7.2,96.5252,99.7676834491482,81045.41045665958,13078.003325934034,17028.133524779932
2013-10-31,7074.0,7.2,95.0186,100.42721999999999,81713.605,13100.527,17083.137
2013-11-30,7317.370036,6.9,96.3467,101.3337120766001,82284.33746867084,13099.1087188237,17095.35721936278
2013-12-31,7533.869995000001,6.7,96.8031,102.42643183191385,82815.03142723825,13080.316775315421,17077.493148664307
2014-01-31,7195.106486,6.6,95.1042,102.90374,83409.461,13086.476999999999,17104.555
2014-02-28,7496.4266763333335,6.7,93.8141,102.6874093022628,84020.09465969518,13120.003885834074,17179.234918789403
2014-03-31,7509.663452000001,6.7,91.8105,101.84332155149862,84738.18025207138,13185.351372767085,17309.666576372474
2014-04-30,7526.449951333333,6.2,92.1915,101.14551999999999,85219.707,13259.223,17432.909
2014-05-31,7627.786661666668,6.3,91.5547,100.69282058199295,85445.49627985123,13343.007992524475,17546.988667075577
2014-06-30,7731.6699216666675,6.1,88.4374,100.51224407856083,85463.96672873746,13425.634097880533,17643.436911421395
2014-07-31,7621.246948333333,6.2,97.4556,100.5779,85675.539,13476.695,17721.657
2014-08-31,7894.029744666666,6.1,91.8039,100.89764732410728,86148.90510351409,13486.922226323182,17776.918040189063
2014-09-30,7836.193522333332,5.9,90.102,101.38143435629843,86824.33448080542,13471.907294053539,17811.863762147306
2014-10-31,8013.103271333333,5.7,81.6224,101.63324,87544.494,13519.168,17849.912
2014-11-30,8229.143392,5.8,84.893,101.56924400876571,88230.9923068924,13639.622116476014,17891.93539678107
2014-12-31,8206.006673333333,5.6,89.6342,101.22215727892267,88912.36197811233,13825.673053204644,17941.628632897035
2015-01-31,7931.726481000001,5.7,90.4451,100.82571999999999,89455.16900000001,13974.49,18003.398999999998
2015-02-28,8400.243001333332,5.5,88.6214,100.46139150388962,89809.49488794664,14061.619695346037,18070.44556354815
2015-03-31,8248.296305666665,5.4,84.8382,100.04686547472504,90037.34936656179,14118.029551557573,18153.958899236513
2015-04-30,8289.149821,5.4,85.5672,99.60722,90003.55900000001,14211.86,18223.577
2015-05-31,8396.033122,5.6,85.1943,99.10766033851604,89687.8498287246,14365.289323340232,18279.827805521534
2015-06-30,8223.163330000001,5.3,88.784,98.68004905839426,89197.33692702188,14547.224880022723,18319.4509678801
2015-07-31,8307.326416,5.2,100.2145,98.92733,89049.101,14635.473,18347.425
2015-08-31,7770.973104,5.1,94.9551,99.97969612722608,89356.47939448191,14600.074421746896,18362.603782322236
2015-09-30,7608.296793333332,5.0,98.7316,101.61104557133082,90017.25517666424,14461.709100215336,18367.629360006278
2015-10-31,8265.549723333334,5.0,96.7952,102.95654,90628.713,14297.47,18378.803
2015-11-30,8302.999918666666,5.1,95.6658,103.77575560266573,91080.91127300762,14131.572684969464,18397.92303787043
2015-12-31,8158.793131333335,5.0,92.8071,104.15939220171155,91427.93194966557,13965.221746000943,18426.9900020444
