index,Industrial Production_Manufacturing (NAICS),"All Employees, Retail Trade",Unemployment_Rate,IndustrialProductionGoldSilver21222S,Federal Debt Held by Federal Reserve Banks,FEDFUNDS,Fed Debt_Total Public Debt as Perc of GDP
1969-01-31,36.6924,7039.7,3.4,24.9872,55.8,6.3,36.19577
1969-02-28,36.6924,6988.4,3.4,24.9872,55.8,6.61,35.80077266403289
1969-03-31,36.6924,7051.5,3.4,24.9872,55.8,6.79,35.300020657310114
1969-04-30,36.6924,7178.7,3.4,24.9872,55.8,7.41,34.97403
1969-05-31,36.6924,7245.4,3.4,24.9872,55.8,8.67,34.845649696508474
1969-06-30,36.6924,7329.2,3.5,24.9872,55.8,8.9,34.902717177457276
1969-07-31,36.6924,7285.5,3.5,24.9872,55.8,8.61,35.019459999999995
1969-08-31,36.6924,7287.6,3.5,24.9872,55.8,9.19,35.17345000044861
1969-09-30,36.6924,7325.3,3.7,24.9872,55.8,9.15,35.345636321828756
1969-10-31,36.6924,7400.9,3.7,24.9872,55.8,9.0,35.46954
1969-11-30,36.6924,7547.5,3.5,24.9872,55.8,8.85,35.52486671508575
1969-12-31,36.6924,7881.1,3.5,24.9872,55.8,8.97,35.510081172288515
1970-01-31,36.6924,7315.5,3.9,24.9872,55.8,8.98,35.38879
1970-02-28,36.6924,7260.4,4.2,24.9872,56.35260363754987,8.98,35.182584293552495
1970-03-31,36.6924,7319.8,4.4,24.9872,57.01276248600921,7.76,34.874624237027135
1970-04-30,36.6924,7400.3,4.6,24.9872,57.7,8.1,34.67329
1970-05-31,36.6924,7436.6,4.8,24.9872,58.46013201378833,7.94,34.60057073277522
1970-06-30,36.6924,7481.8,4.9,24.9872,59.23303544625757,7.6,34.662017067586326
1970-07-31,36.6924,7423.5,5.0,24.9872,60.0,7.21,34.86717
1970-08-31,36.6924,7401.2,5.1,24.9872,60.72310306770891,6.61,35.217205842140146
1970-09-30,36.6924,7456.5,5.4,24.9872,61.38984676076088,6.29,35.632139355573024
1970-10-31,36.6924,7512.5,5.5,24.9872,62.1,6.2,35.74822
1970-11-30,36.6924,7611.9,5.9,24.9872,62.816474954980364,5.6,35.49620002397931
1970-12-31,36.6924,7962.3,6.1,24.9872,63.567014423959726,4.9,34.92985826400388
1971-01-31,36.6924,7452.5,5.9,24.9872,64.2,4.14,34.50345
1971-02-28,36.6924,7374.2,5.9,24.9872,64.65110823420495,3.72,34.307606347874206
1971-03-31,36.6924,7423.1,6.0,24.9872,65.0448776579572,3.71,34.285267727213295
1971-04-30,36.6924,7549.5,5.9,24.9872,65.5,4.15,34.360890000000005
1971-05-31,36.6924,7608.5,5.9,24.9872,66.08290846445473,4.63,34.51997081284277
1971-06-30,36.6924,7668.8,5.9,24.9872,66.75980964694153,4.91,34.7452009321491
1971-07-31,36.6924,7625.3,6.0,24.9872,67.6,5.31,35.00694
1971-08-31,36.6924,7637.1,6.1,24.9872,68.58722844613132,5.56,35.29075559830096
1971-09-30,36.6924,7704.1,6.0,24.9872,69.60188583778529,5.55,35.556521905880054
1971-10-31,36.6924,7748.7,5.8,24.9872,70.2,5.2,35.63237
1971-11-30,36.6924,7882.0,6.0,24.9872,70.26225809745637,4.91,35.48349270892967
1971-12-31,36.6924,8230.5,6.0,24.9872,69.91181483485332,4.14,35.125828851852255
1972-01-31,36.6924,7793.2,5.8,24.9872,69.9,3.5,34.72622
1972-02-29,36.9567,7738.0,5.7,26.2182,70.31808891946618,3.29,34.34106014610109
1972-03-31,37.1965,7793.2,5.8,26.5612,71.09580094369858,3.83,33.93707810274
1972-04-30,37.644,7915.3,5.7,25.5496,71.4,4.17,33.67383
1972-05-31,37.6836,7974.9,5.7,25.8149,71.1053895356769,4.27,33.55635575670527
1972-06-30,37.8022,8049.7,5.7,23.8359,70.33534570967613,4.46,33.57528623071935
1972-07-31,37.8128,7990.2,5.6,22.6023,69.7,4.55,33.62447
1972-08-31,38.3031,8011.7,5.6,18.9615,69.33726548895544,4.8,33.685961497396576
1972-09-30,38.5731,8070.0,5.5,21.226,69.29688837705709,4.87,33.74705258199052
1972-10-31,39.1695,8154.7,5.6,22.1484,69.9,5.04,33.74758
1972-11-30,39.6756,8332.3,5.3,21.5958,71.15878404495045,5.06,33.677374311855104
1972-12-31,40.2595,8664.1,5.2,21.2403,72.99079094669585,5.33,33.5297353756362
1973-01-31,40.5321,8157.0,4.9,22.072,74.3,5.94,33.29287
1973-02-28,41.1963,8081.8,5.0,21.9871,74.8704563769929,6.58,33.00025983664677
1973-03-31,41.2768,8136.7,4.9,19.9682,74.9197627715084,7.09,32.61472659690913
1973-04-30,41.2179,8254.8,5.0,19.3753,75.0,7.12,32.34466
1973-05-31,41.4853,8334.4,4.9,20.0875,75.24000028276417,7.84,32.20510615943371
1973-06-30,41.4705,8402.7,4.9,19.8371,75.62657045885119,8.49,32.18167592182951
1973-07-31,41.6769,8334.1,4.8,21.5621,76.2,10.4,32.12455
1973-08-31,41.5521,8337.4,4.8,21.0822,76.9526611519766,10.5,32.00940116726573
1973-09-30,41.946,8414.1,4.8,18.991,77.80309719352334,10.78,31.859776153783912
1973-10-31,42.2962,8485.1,4.6,19.7926,78.5,10.01,31.77379
1973-11-30,42.6218,8648.6,4.8,19.224,78.94981001540158,10.03,31.774045080002747
1973-12-31,42.6488,8903.0,4.9,19.2984,79.21661386583101,9.95,31.83182247682804
1974-01-31,42.2744,8361.6,5.1,18.3974,79.5,9.65,31.764490000000002
1974-02-28,42.091,8246.6,5.2,18.9821,79.80356170318404,8.97,31.56803683349123
1974-03-31,42.0853,8283.4,5.1,19.9475,80.17946679005797,9.35,31.2322514691544
1974-04-30,41.8849,8422.9,5.1,20.5436,80.5,10.51,30.99462
1974-05-31,42.1703,8514.8,5.1,20.2939,80.76985061610443,11.31,30.88058857691823
1974-06-30,42.2289,8572.1,5.4,19.7364,80.95898452114746,11.93,30.877966411185014
1974-07-31,42.1487,8548.4,5.5,18.3143,81.0,12.92,30.86269
1974-08-31,41.7946,8535.8,5.5,16.5819,80.87080199703047,12.01,30.81411035676321
1974-09-30,41.8679,8622.8,5.9,18.2191,80.62415775017205,11.34,30.754146107041755
1974-10-31,41.5436,8671.9,6.0,18.5848,80.5,10.06,30.79768
1974-11-30,40.2681,8750.6,6.6,18.7033,80.5467909087501,9.45,30.960660818355787
1974-12-31,38.4303,8935.0,7.2,18.3034,80.79276084927585,8.53,31.239265798171235
1975-01-31,37.6185,8411.1,8.1,19.2414,81.4,7.13,31.536040000000003
1975-02-28,36.5552,8298.3,8.1,17.99,82.28354980235343,6.24,31.805346757753895
1975-03-31,36.0622,8328.3,8.6,16.4235,83.56801985227081,5.54,32.09236647606466
1975-04-30,36.0197,8414.1,8.8,17.9004,84.7,5.49,32.27817
1975-05-31,35.9752,8523.6,9.0,17.7252,85.6711472564086,5.22,32.35892164507048
1975-06-30,36.2888,8614.3,8.8,18.6439,86.41957009999365,5.55,32.349908041697475
1975-07-31,36.7949,8601.8,8.6,18.3607,87.0,6.1,32.38043
1975-08-31,37.2038,8638.4,8.4,18.1499,87.38512807711413,6.14,32.47296785763815
1975-09-30,37.8323,8698.0,8.4,19.1779,87.60668160802167,6.24,32.610292801274916
1975-10-31,38.0382,8729.8,8.4,18.5596,87.9,5.82,32.7301
1975-11-30,38.1558,8851.9,8.3,19.0059,88.28096177451606,5.22,32.81338473895219
1975-12-31,38.643,9136.3,8.2,19.8301,88.82058599856822,5.2,32.876483127968676
1976-01-31,39.1713,8701.4,7.9,19.137,89.8,4.87,32.98513
1976-02-29,39.7897,8633.2,7.7,18.2271,91.16136275747739,4.77,33.13911047482608
1976-03-31,39.8599,8684.7,7.6,18.2745,92.97807043157353,4.84,33.34482858572242
1976-04-30,40.1054,8863.3,7.7,18.4704,94.4,4.82,33.494640000000004
1976-05-31,40.3213,8952.8,7.4,17.523,95.39181000600641,5.29,33.581653606858254
1976-06-30,40.3277,8988.3,7.6,18.1481,95.93988375458935,5.48,33.610000359301026
1976-07-31,40.6281,8973.3,7.8,18.8452,96.4,5.31,33.64333
1976-08-31,40.8932,9007.3,7.8,18.7144,96.80505155941924,5.29,33.69099846716289
1976-09-30,40.9732,9081.2,7.6,18.8674,97.09768271190683,5.25,33.746620353117734
1976-10-31,40.9448,9082.2,7.7,18.0138,97.0,5.02,33.78753
1976-11-30,41.4707,9205.4,7.8,17.7141,96.47138022193087,4.95,33.806926714386094
1976-12-31,41.9129,9466.2,7.8,17.3776,95.68649634448008,4.65,33.79199197851427
1977-01-31,41.8246,9030.6,7.5,18.7068,96.0,4.61,33.65136
1977-02-28,42.5735,8918.2,7.6,18.4444,97.43253658014552,4.68,33.40249771665355
1977-03-31,43.1864,9026.0,7.4,19.356,100.06486252863421,4.69,33.02863208910594
1977-04-30,43.6171,9186.0,7.2,18.7753,102.2,4.73,32.80422
1977-05-31,43.9977,9299.4,7.0,19.7583,103.6873677394531,5.35,32.761634711806465
1977-06-30,44.3683,9381.7,7.2,19.6755,104.4543473834621,5.39,32.876855171943966
1977-07-31,44.3774,9366.0,6.9,18.5828,104.7,5.42,32.98791
1977-08-31,44.5811,9408.2,7.0,19.3327,104.41430840667988,5.9,33.062713034068345
1977-09-30,44.6218,9499.6,6.8,19.0728,103.68501600843673,6.14,33.11278019195147
1977-10-31,44.739,9529.2,6.8,20.1741,102.8,6.47,33.21873
1977-11-30,44.822,9706.6,6.8,21.0989,101.86945198555202,6.51,33.38592064805976
1977-12-31,45.3241,10004.3,6.4,21.9856,101.03172858860181,6.56,33.579585325685535
1978-01-31,44.6628,9545.0,6.4,19.4106,101.6,6.7,33.5012
1978-02-28,44.8005,9425.8,6.3,20.502,103.51773327485049,6.78,33.15166735759952
1978-03-31,45.5864,9521.2,6.3,19.633,106.96110654106133,6.79,32.5251279209625
1978-04-30,46.3441,9696.4,6.1,18.956,110.1,6.89,32.12444
1978-05-31,46.523,9826.7,6.0,18.2244,112.83967942666656,7.36,32.01229055267024
1978-06-30,46.8963,9921.7,5.9,18.9155,114.85076314365774,7.6,32.14556808133865
1978-07-31,46.8701,9919.2,6.2,16.858,115.3,7.81,32.21407
1978-08-31,47.1209,9949.8,5.9,19.0676,113.93334959605646,8.04,32.15934095073069
1978-09-30,47.3703,10018.8,6.0,19.145,111.27078634424028,8.45,32.00714615351832
1978-10-31,47.7231,10048.2,5.8,19.9431,109.6,8.96,31.862059999999996
1978-11-30,48.1665,10225.9,5.9,18.995,109.41775142408125,9.76,31.75154398119971
1978-12-31,48.5285,10490.5,6.0,18.2551,110.43406510470011,10.03,31.65969191626594
1979-01-31,48.1248,10023.1,5.9,17.6575,110.9,10.07,31.536009999999997
1979-02-28,48.2899,9897.4,5.9,17.3903,110.57608415449367,10.06,31.38858874061649
1979-03-31,48.5268,9975.1,5.8,17.0007,109.63467567601334,10.09,31.197803484465332
1979-04-30,47.7418,10103.8,5.8,17.214,109.7,10.01,31.06277
1979-05-31,48.3654,10170.8,5.6,17.9906,111.08947516778647,10.24,30.989980176279747
1979-06-30,48.4134,10200.9,5.7,17.8046,113.47454084693854,10.29,30.977664054058422
1979-07-31,48.4609,10126.8,5.7,19.6321,115.5,10.47,30.98402
1979-08-31,47.812,10149.0,6.0,20.3538,116.82822404444443,10.94,31.00298023367288
1979-09-30,47.9403,10218.3,5.9,19.0614,117.4597381443841,11.43,31.027913004224995
1979-10-31,48.1137,10259.2,6.0,18.867,117.5,13.77,31.02615
1979-11-30,47.9685,10428.2,5.9,18.5987,116.95640875598,13.18,30.992388159783125
1979-12-31,48.156,10663.2,6.0,18.3057,116.07799436993255,13.78,30.937893922481955
1980-01-31,48.3631,10162.8,6.3,18.3473,116.7,13.82,30.949820000000003
1980-02-29,48.2709,10046.1,6.3,18.7832,118.93405527541293,14.13,31.0350306880928
1980-03-31,47.917,10089.0,6.3,17.9257,122.60539633751772,17.19,31.19695805054128
1980-04-30,46.8814,10150.5,6.9,18.819,124.5,17.61,31.37303
1980-05-31,45.4235,10214.9,7.5,18.9067,124.19472957389624,10.98,31.56551706442562
1980-06-30,44.7099,10245.9,7.6,18.299,122.11568836465894,9.47,31.740871363993943
1980-07-31,44.1788,10199.3,7.8,13.232,120.7,9.03,31.776870000000002
1980-08-31,44.5309,10247.4,7.7,11.4228,120.45581648022159,9.61,31.643095887463787
1980-09-30,45.2803,10290.1,7.5,14.0933,121.11206789715096,10.87,31.381003918891867
1980-10-31,46.137,10273.9,7.5,15.3897,121.3,12.81,31.157
1980-11-30,47.0082,10410.7,7.5,16.3809,120.78461753551247,15.85,31.014549115958367
1980-12-31,47.1251,10655.4,7.2,21.8019,119.68614810876794,18.9,30.93575598749418
1981-01-31,46.9789,10169.4,7.5,20.6861,119.0,19.08,30.872840000000004
1981-02-28,46.7234,10065.0,7.4,21.5676,118.88582920903686,15.93,30.821446080364517
1981-03-31,46.878,10106.6,7.4,21.4016,119.28746887528351,14.7,30.768587829063414
1981-04-30,47.1214,10272.9,7.2,21.0311,120.0,15.72,30.70875
1981-05-31,47.3428,10377.4,7.5,21.0939,121.02987454923624,18.52,30.635388052803552
1981-06-30,47.089,10445.2,7.5,23.0563,122.35023578366273,19.1,30.56881445638685
1981-07-31,47.1991,10421.2,7.2,25.8919,124.3,19.04,30.60333
1981-08-31,47.2307,10461.4,7.4,24.2405,126.88632866493475,17.82,30.75921005029692
1981-09-30,46.9945,10480.2,7.6,25.3772,129.69394861016588,15.87,31.018764705123782
1981-10-31,46.5648,10433.0,7.9,24.5897,131.0,15.08,31.35587
1981-11-30,45.9601,10504.2,8.3,24.6025,130.41884854967265,13.31,31.741925024014527
1981-12-31,45.1479,10696.1,8.5,24.2737,128.24490998445353,12.37,32.16935697733167
1982-01-31,44.0577,10192.1,8.6,23.3448,126.6,13.22,32.41298
1982-02-28,45.2876,10080.1,8.9,24.0695,125.89479729038189,14.78,32.44246377474137
1982-03-31,44.8922,10117.6,9.0,25.8047,125.98630830246987,14.68,32.319515257536445
1982-04-30,44.5935,10255.4,9.3,25.788,127.0,14.94,32.40213
1982-05-31,44.5046,10383.1,9.4,27.0755,129.01396801270096,14.45,32.76753815534974
1982-06-30,44.4258,10459.8,9.6,23.2418,131.74460475862568,14.15,33.35044511943871
1982-07-31,44.384,10440.1,9.8,22.8783,134.4,12.59,33.9253
1982-08-31,43.9721,10466.5,9.8,22.0895,136.72500703610743,10.12,34.42840475758747
1982-09-30,43.8579,10469.8,10.1,22.1236,138.55035098154605,10.31,34.84405925410592
1982-10-31,43.3318,10417.2,10.4,23.6954,139.3,9.71,35.18156
1982-11-30,43.0275,10507.0,10.8,25.8076,138.81550035230356,9.2,35.416227352057916
1982-12-31,42.8779,10729.0,10.8,24.5949,137.34709842582214,8.95,35.58651357615255
1983-01-31,43.935,10284.0,10.4,26.6297,136.7,8.68,35.82911
1983-02-28,43.91,10157.1,10.4,26.9112,137.09776647915257,8.51,36.13268624339197
1983-03-31,44.323,10234.1,10.3,27.1643,138.679538666515,8.77,36.54106697944845
1983-04-30,44.8522,10395.4,10.2,29.0716,141.7,8.8,36.87167
1983-05-31,45.4357,10532.2,10.1,31.38,146.4303156215667,8.63,37.119048448426696
1983-06-30,45.8074,10664.8,10.1,31.7899,152.0215222633317,8.98,37.26777073592726
1983-07-31,46.5099,10707.0,9.4,32.3551,155.4,9.37,37.3311
1983-08-31,46.8646,10760.0,9.5,34.0568,155.76892645848952,9.56,37.30315254742136
1983-09-30,47.7979,10836.5,9.2,34.1286,153.706272647215,9.45,37.20981560957197
1983-10-31,48.3297,10839.4,8.8,32.0309,151.9,9.48,37.17553
1983-11-30,48.5227,11001.5,8.5,31.4496,150.91245649252696,9.34,37.22312426933429
1983-12-31,48.6894,11262.3,8.3,32.4084,150.6308229497866,9.47,37.3431408382099
1984-01-31,49.5933,10826.5,8.0,28.729,150.8,9.56,37.45447
1984-02-29,50.1113,10735.9,7.8,29.3999,151.3179901525888,9.59,37.537741936533116
1984-03-31,50.3435,10813.9,7.8,30.8588,152.18484491163034,9.91,37.613312779446545
1984-04-30,50.6151,10986.3,7.7,30.7637,152.9,10.29,37.72687
1984-05-31,50.7352,11120.7,7.4,32.4164,153.4299003086496,10.32,37.89607656358905
1984-06-30,50.9641,11269.4,7.2,34.4384,153.86242095886587,11.06,38.1220218702982
1984-07-31,51.1994,11294.9,7.5,33.4115,155.0,11.23,38.49586
1984-08-31,51.2696,11341.3,7.5,33.0015,156.96774076145093,11.64,39.02496997811592
1984-09-30,51.1514,11391.2,7.3,32.0728,159.41109030384683,11.3,39.638700185957084
1984-10-31,51.3382,11424.0,7.4,33.6899,160.9,9.99,40.08547
1984-11-30,51.5145,11659.5,7.2,33.2314,161.08707091842427,9.43,40.29030437374932
1984-12-31,51.6949,11865.7,7.3,33.3751,160.3499597133273,8.38,40.31330062927119
1985-01-31,51.4962,11360.9,7.3,33.9086,161.0,8.35,40.44121
1985-02-28,51.2861,11256.2,7.2,33.749,163.13655029250214,8.5,40.69233349671403
1985-03-31,51.6954,11379.8,7.2,34.5591,166.81578246843478,8.58,41.08170937433174
1985-04-30,51.4761,11545.2,7.3,32.0938,169.1,8.27,41.319829999999996
1985-05-31,51.5792,11722.3,7.2,33.2162,169.62137930314898,7.97,41.372362231809745
1985-06-30,51.6713,11847.3,7.4,32.9266,168.8258748970428,7.53,41.30585110118215
1985-07-31,51.362,11824.0,7.4,34.3701,169.7,7.88,41.559090000000005
1985-08-31,51.6709,11881.2,7.1,34.1622,172.80177962724903,7.9,42.21302414034969
1985-09-30,51.7546,11877.0,7.1,38.5276,177.48752435834788,7.92,43.133526667031724
1985-10-31,51.6228,11866.9,7.1,37.719,181.3,7.99,43.78715
1985-11-30,51.9762,12027.8,7.0,39.169,183.5562390743019,8.05,44.03787268761096
1985-12-31,52.1894,12262.2,7.0,38.7581,184.51811883944805,8.27,43.97771595711894
1986-01-31,52.7764,11738.3,6.7,48.8439,184.8,8.14,44.07415
1986-02-28,52.5177,11616.9,7.2,48.7562,184.57913199146418,7.86,44.36949027052493
1986-03-31,52.3429,11708.5,7.2,45.8571,183.9530694415035,7.48,44.885570813987584
1986-04-30,52.4278,11867.0,7.1,48.3445,183.9,6.99,45.30682
1986-05-31,52.5065,12038.1,7.2,47.1326,184.60399345323003,6.85,45.60764395379449
1986-06-30,52.3386,12146.9,7.2,50.0823,186.2917056245433,6.92,45.80317527384134
1986-07-31,52.596,12162.2,7.0,50.0001,190.8,6.56,46.12536
1986-08-31,52.7786,12227.4,6.9,51.5288,198.40368914363376,6.17,46.60592692181733
1986-09-30,52.8888,12237.6,7.0,52.907,207.52861272673678,5.89,47.17275678995898
1986-10-31,53.103,12236.2,7.0,55.2701,211.3,5.85,47.552859999999995
1986-11-30,53.3482,12394.4,6.9,56.7839,208.2938222807578,6.04,47.672677923369896
1986-12-31,53.8107,12614.4,6.6,58.2814,199.9115707560569,6.91,47.58604099491135
1987-01-31,53.6536,12074.2,6.6,50.4656,196.4,6.43,47.57835
1987-02-28,54.4452,11973.3,6.6,64.1947,198.98128458949128,6.1,47.68409049078529
1987-03-31,54.4534,12055.0,6.6,58.9306,207.01823781863436,6.13,47.900852544014654
1987-04-30,54.7748,12226.7,6.3,63.4994,212.3,6.37,48.04867
1987-05-31,55.1747,12370.2,6.3,63.8462,213.63735981397963,6.85,48.10493635077017
1987-06-30,55.3428,12504.1,6.2,64.9828,211.77976067218214,6.73,48.085923678695764
1987-07-31,55.7812,12504.8,6.1,68.5169,211.9,6.58,48.1165
1987-08-31,56.1368,12530.9,6.0,72.7421,214.97117569629953,6.73,48.21902510991882
1987-09-30,56.4611,12513.3,5.9,74.5026,220.00535930562162,7.22,48.378860076458174
1987-10-31,57.4082,12573.6,6.0,75.7005,222.6,7.29,48.556670000000004
1987-11-30,57.7166,12757.4,5.8,74.3389,221.8400952308266,6.69,48.73309556085427
1987-12-31,58.1042,12984.6,5.7,74.8537,218.46454852244338,6.77,48.9114171999843
1988-01-31,57.9924,12451.8,5.7,89.2337,217.5,6.83,49.03151
1988-02-29,58.1557,12407.7,5.7,82.9883,219.59365476459527,6.58,49.08240387883147
1988-03-31,58.3202,12461.2,5.7,82.9366,224.38425224027932,6.58,49.081326679065846
1988-04-30,58.8554,12602.7,5.4,84.3755,227.6,6.87,49.08744
1988-05-31,58.7725,12762.7,5.6,85.3587,228.71567954271228,7.09,49.112765828768
1988-06-30,58.8916,12906.8,5.4,86.4066,228.1739116941887,7.51,49.15974347137079
1988-07-31,58.8906,12911.1,5.4,86.1402,229.2,7.75,49.25732
1988-08-31,58.9298,12954.6,5.6,87.6317,232.37847275614047,8.01,49.40901131719142
1988-09-30,59.1542,12913.2,5.4,89.4111,236.8107388397743,8.19,49.59138085191965
1988-10-31,59.4375,12912.6,5.4,89.439,238.4,8.3,49.71548
1988-11-30,59.617,13107.3,5.3,92.397,236.35069128278658,8.35,49.75734936410717
1988-12-31,59.8984,13352.3,5.3,98.1094,231.3413339061066,8.76,49.73389145491846
1989-01-31,60.4296,12863.3,5.4,96.2831,228.6,9.12,49.73276
1989-02-28,59.8019,12756.1,5.2,97.5944,228.87053427872888,9.36,49.76472809092945
1989-03-31,59.7103,12841.1,5.0,101.3212,231.50102781782874,9.85,49.83078645650473
1989-04-30,59.8829,12948.1,5.2,103.4502,231.8,9.84,49.8876
1989-05-31,59.3188,13096.7,5.2,111.8518,228.86816717317265,9.81,49.93136880144416
1989-06-30,59.4684,13213.2,5.3,114.8592,223.70479622146206,9.53,49.980323919100904
1989-07-31,58.7731,13187.1,5.2,122.6994,221.1,9.24,50.171170000000004
1989-08-31,59.3324,13228.1,5.2,124.3889,222.12149977745116,8.99,50.5266878840127
1989-09-30,59.195,13157.1,5.3,126.5501,225.7206225756953,9.02,50.992866046875
1989-10-31,59.0825,13146.9,5.3,126.9345,226.8,8.84,51.38111
1989-11-30,59.2,13365.7,5.4,130.8807,224.44785262973096,8.55,51.631710854143336
1989-12-31,59.2547,13537.2,5.4,132.1157,219.45379346614288,8.45,51.7835913639213
1990-01-31,59.1036,13255.8,5.4,136.5371,217.9,8.23,51.96856
1990-02-28,59.9806,12966.3,5.3,129.6692,220.3791041785839,8.24,52.18579443612772
1990-03-31,60.3056,12938.2,5.2,123.2674,226.66434414577645,8.28,52.47371025347284
1990-04-30,60.128,13012.3,5.4,133.7227,231.4,8.26,52.7473
1990-05-31,60.2545,13108.3,5.4,126.9992,233.92025974238945,8.18,53.01426953262869
1990-06-30,60.4462,13182.8,5.2,129.0601,234.33513291860507,8.29,53.285067586271175
1990-07-31,60.3271,13170.1,5.5,124.1826,234.4,8.15,53.753130000000006
1990-08-31,60.5285,13159.5,5.7,126.389,234.38137914780117,8.13,54.441579802243616
1990-09-30,60.5278,13113.4,5.9,127.4238,234.39009755773424,8.2,55.274739030284486
1990-10-31,60.0276,13185.2,5.9,125.4779,235.1,8.11,56.03613000000001
1990-11-30,59.3613,13461.9,6.2,126.5042,236.57151653943544,7.81,56.63371004900446
1990-12-31,58.9058,13673.1,6.3,123.2126,238.7902552699609,7.31,57.10538735773083
1991-01-31,58.4688,13068.3,6.4,119.7028,241.0,6.91,57.41652
1991-02-28,58.0592,12744.2,6.6,123.0472,242.87815603716837,6.25,57.557663555029464
1991-03-31,57.6839,12684.5,6.8,122.6393,244.92455560014454,6.12,57.595166697735024
1991-04-30,57.892,12687.0,6.7,122.5835,247.5,5.91,57.745509999999996
1991-05-31,58.3074,12780.6,6.9,125.5709,250.90226895391987,5.78,58.065466467844054
1991-06-30,58.9545,12859.0,6.9,131.8668,254.78467849958383,5.9,58.521386742995176
1991-07-31,59.1819,12849.1,6.8,125.9421,258.6,5.82,59.06123
1991-08-31,59.2815,12871.3,6.9,129.6219,262.0820218385114,5.66,59.657264636568925
1991-09-30,59.9636,12823.0,6.9,126.6757,264.97907061407625,5.45,60.25480347915493
1991-10-31,59.846,12885.6,7.0,131.9536,266.5,5.21,60.685990000000004
1991-11-30,59.7398,13150.8,7.0,134.0358,266.3913814137827,4.81,60.890235165932964
1991-12-31,59.6458,13391.1,7.3,133.2899,265.13078439440824,4.43,60.91820763727371
1992-01-31,59.2972,12788.6,7.3,138.6093,265.8,4.03,60.996790000000004
1992-02-29,59.8786,12586.1,7.4,143.7519,268.6724868282985,4.06,61.15428531951375
1992-03-31,60.5043,12547.8,7.4,145.0034,273.5997232837527,3.98,61.39339833822348
1992-04-30,60.8433,12636.3,7.4,146.9207,276.9,3.73,61.57938000000001
1992-05-31,61.2039,12740.4,7.6,148.8136,278.17355751865244,3.82,61.702989971254354
1992-06-30,61.3837,12825.1,7.8,142.74,277.90835154233497,3.76,61.77276675337563
1992-07-31,61.9549,12804.9,7.7,145.0931,279.7,3.25,61.898019999999995
1992-08-31,61.712,12810.6,7.6,141.8259,284.18998944700775,3.3,62.0946386562362
1992-09-30,61.7623,12783.9,7.6,144.7746,290.4765377241042,3.22,62.33506921151926
1992-10-31,62.189,12890.4,7.3,140.9868,295.0,3.1,62.52256
1992-11-30,62.4617,13147.6,7.4,141.2312,296.8407571719048,3.09,62.627219902684345
1992-12-31,62.3824,13411.8,7.4,130.6014,296.73421795424946,2.92,62.683925855580576
1993-01-31,62.9777,12849.3,7.3,142.0965,298.5,3.02,62.866569999999996
1993-02-28,63.1205,12701.7,7.1,147.5132,302.30337818886943,3.03,63.16706972970189
1993-03-31,62.9613,12654.3,7.0,137.9881,308.4553487711359,3.07,63.61245673332535
1993-04-30,63.3304,12745.3,7.1,142.6766,313.1,2.96,63.915240000000004
1993-05-31,63.2861,12864.2,7.1,137.6057,315.8943349211512,3.0,64.04722666297226
1993-06-30,63.1485,12975.0,7.0,140.9843,317.0789245856205,3.04,64.03507850679335
1993-07-31,63.3449,13009.2,6.9,141.6755,319.4,3.06,64.10093
1993-08-31,63.2551,13048.2,6.8,139.664,323.278066685385,3.03,64.28341691924828
1993-09-30,63.6841,13048.6,6.7,140.2762,328.146083872369,3.09,64.53763277825696
1993-10-31,64.2618,13175.2,6.8,142.1111,332.0,2.99,64.66861
1993-11-30,64.5247,13457.5,6.6,147.8778,334.2237616722324,3.02,64.63446159491473
1993-12-31,64.929,13755.5,6.5,151.3316,335.3031260554014,2.96,64.45893264975179
1994-01-31,65.0425,13152.8,6.6,146.0897,337.3,3.05,64.30709
1994-02-28,65.1383,13014.9,6.6,144.5627,340.22230955806265,3.25,64.21574839709854
1994-03-31,66.0163,13051.4,6.5,149.4748,344.4132994795091,3.34,64.15895050352061
1994-04-30,66.598,13165.3,6.4,141.5141,347.6,3.56,64.10716
1994-05-31,67.0655,13295.0,6.1,142.4071,349.6284508335633,4.01,64.04865745016689
1994-06-30,67.2836,13428.9,6.1,155.6435,350.70089381958155,4.25,63.997107932435824
1994-07-31,67.5994,13485.9,6.1,140.3225,353.0,4.26,64.01176
1994-08-31,68.11,13549.4,6.0,138.653,356.85940060397365,4.47,64.10583336990396
1994-09-30,68.4357,13581.4,5.9,138.1995,361.6003977703472,4.73,64.25792357936757
1994-10-31,69.1652,13726.3,5.8,132.7996,364.5,4.76,64.38584
1994-11-30,69.7038,14096.8,5.6,128.6861,364.891621423419,5.29,64.46676176558243
1994-12-31,70.5043,14380.3,5.5,130.3321,363.3888273088078,5.45,64.52334442406193
1995-01-31,70.6387,13775.2,5.6,132.4215,363.7,5.53,64.66271
1995-02-28,70.4169,13579.5,5.4,135.4439,366.11470274708125,5.92,64.87662233304604
1995-03-31,70.6021,13539.2,5.4,132.5136,370.5359311820886,5.98,65.1770491010484
1995-04-30,70.4978,13654.1,5.8,135.6868,372.6,6.05,65.31294
1995-05-31,70.6342,13757.5,5.6,134.2587,371.64888252753485,6.01,65.24949571961523
1995-06-30,70.9778,13874.5,5.6,134.4045,368.4962613751976,6.0,65.01414144940405
1995-07-31,70.5183,13878.2,5.7,135.5915,367.7,5.85,64.73906
1995-08-31,71.3402,13908.2,5.7,137.5286,370.19567912082874,5.74,64.4560788429045
1995-09-30,71.9957,13894.0,5.6,136.3817,375.0520793322259,5.8,64.20731052475588
1995-10-31,71.9761,14006.1,5.5,137.8598,378.2,5.76,64.18281999999999
1995-11-30,72.0518,14347.0,5.6,147.4589,378.74321051594654,5.8,64.41679329093702
1995-12-31,72.3734,14588.5,5.6,139.8733,377.2534554480816,5.6,64.85445956557663
1996-01-31,71.8221,13927.7,5.6,129.624,377.1,5.56,65.04171
1996-02-29,72.9624,13730.7,5.5,131.1767,378.71782314838555,5.22,64.91769374737396
1996-03-31,72.8277,13748.1,5.5,134.4293,381.9102637460031,5.31,64.52495528244974
1996-04-30,73.6724,13811.7,5.6,135.2204,383.9,5.22,64.2497
1996-05-31,74.2509,13993.7,5.6,140.4382,384.34203145205754,5.24,64.14144617977598
1996-06-30,75.0801,14107.5,5.3,136.8526,383.5776850009606,5.27,64.18627427001934
1996-07-31,75.3099,14136.0,5.5,146.4752,383.9,5.4,64.25469
1996-08-31,75.6905,14167.3,5.1,148.5686,385.74112482239514,5.22,64.32360672240091
1996-09-30,76.3588,14153.5,5.2,147.0612,388.6607392099663,5.3,64.38931952737803
1996-10-31,76.2262,14327.7,5.2,148.9527,390.9,5.24,64.44697
1996-11-30,76.8844,14692.0,5.4,140.2443,392.0062101938235,5.31,64.49138094607645
1996-12-31,77.552,14956.2,5.4,146.1912,392.4905829528516,5.29,64.50388360824549
1997-01-31,77.5975,14227.1,5.3,161.9214,395.1,5.25,64.34428
1997-02-28,78.6953,14023.4,5.2,149.8888,399.71123090144863,5.19,64.03104045845218
1997-03-31,79.5234,14039.9,5.2,156.7722,406.6471558757966,5.39,63.53060364804151
1997-04-30,79.3662,14118.7,5.1,151.8532,410.9,5.51,63.109069999999996
1997-05-31,79.9622,14241.9,4.9,155.7744,411.89187466970066,5.5,62.78179552322949
1997-06-30,80.4694,14339.3,5.0,156.8235,410.41527654458736,5.56,62.57285597985552
1997-07-31,80.9998,14354.7,4.9,158.4099,411.8,5.52,62.48709
1997-08-31,82.0621,14392.0,4.8,154.8776,417.0425257846473,5.54,62.536705801302446
1997-09-30,82.7651,14359.5,4.9,155.3775,424.9466305029945,5.54,62.686048938058626
1997-10-31,83.4751,14533.0,4.7,163.5687,430.7,5.5,62.77032
1997-11-30,84.4229,14904.1,4.6,163.0588,433.0890001596864,5.52,62.7565085018107
1997-12-31,84.7854,15176.5,4.7,153.3513,432.813258017786,5.5,62.652110925819066
1998-01-31,85.5471,14455.8,4.6,155.4686,433.2,5.56,62.50988
1998-02-28,85.6192,14243.3,4.6,193.9159,434.6471768923253,5.51,62.35712638640334
1998-03-31,85.4651,14226.1,4.7,158.2081,437.29418393918723,5.49,62.15128901107864
1998-04-30,85.8713,14322.0,4.3,149.4063,439.8,5.45,61.85196
1998-05-31,86.3207,14471.8,4.4,157.4607,442.1106240167211,5.49,61.42645773296543
1998-06-30,85.6107,14568.9,4.5,157.4673,444.09504206182095,5.56,60.93866244127488
1998-07-31,85.2135,14602.1,4.5,156.7418,446.0,5.54,60.58693
1998-08-31,87.3819,14617.0,4.5,156.3435,447.7759300101419,5.55,60.42827719441044
1998-09-30,87.2288,14601.4,4.6,157.8412,449.49998331130064,5.51,60.42956178635009
1998-10-31,88.0891,14745.6,4.5,152.7366,452.1,5.07,60.40696
1998-11-30,88.2099,15114.4,4.4,151.2198,455.53650019323896,4.83,60.33291204988039
1998-12-31,88.7347,15388.3,4.4,151.3915,460.05907508360775,4.68,60.20206538032208
1999-01-31,89.0222,14705.2,4.3,146.7719,465.7,4.63,60.01334
1999-02-28,89.8085,14567.2,4.4,148.9631,471.7763138924922,4.76,59.79272352968173
1999-03-31,89.726,14574.9,4.2,143.7972,479.2355906153878,4.81,59.49907677926455
1999-04-30,90.1186,14695.9,4.3,150.7445,484.9,4.74,59.205059999999996
1999-05-31,90.9226,14828.0,4.2,148.9031,488.6881404186373,4.74,58.899017199499696
1999-06-30,90.6341,14931.0,4.3,147.9819,490.2478378538841,4.76,58.614638677689896
1999-07-31,91.1014,14976.4,4.3,143.9705,489.0,4.99,58.42135
1999-08-31,91.5614,14991.2,4.2,144.9428,484.7325632781753,5.07,58.344925818272614
1999-09-30,91.1328,14963.5,4.2,145.1218,478.8422519892053,5.22,58.362273269195924
1999-10-31,92.5699,15135.6,4.1,147.7745,478.0,5.2,58.34802
1999-11-30,93.1388,15504.9,4.1,153.3965,483.3746726488456,5.42,58.28312134703053
1999-12-31,93.7921,15812.9,4.0,147.2393,494.04056892543974,5.3,58.134298918854775
2000-01-31,93.9362,15122.9,4.0,160.6795,501.7,5.45,57.71743000000001
2000-02-29,94.1856,14918.4,4.1,159.2653,504.8209184359066,5.73,57.054970019644486
2000-03-31,94.7846,14944.4,4.0,162.127,504.53102139682164,5.85,56.13147297175837
2000-04-30,95.5101,15090.0,3.8,158.5165,504.9,6.02,55.485130000000005
2000-05-31,95.4405,15145.4,4.0,149.8796,506.74574067563947,6.27,55.15924051868413
2000-06-30,95.626,15240.6,4.0,151.1242,509.5957315908723,6.53,55.116384237632886
2000-07-31,95.7409,15242.0,4.0,147.7191,511.4,6.54,54.983290000000004
2000-08-31,95.1187,15272.9,4.1,156.2165,511.67364589705517,6.5,54.69854679885806
2000-09-30,95.5655,15239.5,3.9,155.7736,510.90187886770735,6.52,54.336592746492826
2000-10-31,95.3433,15382.9,3.9,144.2026,511.7,6.51,54.24085
2000-11-30,95.1024,15776.7,3.9,132.6782,514.4372884707069,6.51,54.47548940707199
2000-12-31,94.5845,16027.7,3.9,147.9945,519.0496587189516,6.4,54.965753191727764
2001-01-31,94.0393,15288.0,4.2,154.7089,523.9,5.98,55.1304
2001-02-28,93.5367,15094.4,4.2,153.1641,528.2443614485707,5.49,54.91083195260829
2001-03-31,93.3766,15077.0,4.3,142.0541,532.7494532896023,5.31,54.346579258825294
2001-04-30,93.0356,15046.8,4.4,149.466,535.1,4.8,54.037659999999995
2001-05-31,92.3696,15157.7,4.3,150.0393,535.1105639800932,4.21,54.07559153283685
2001-06-30,91.737,15248.1,4.5,147.0273,533.4339462939073,3.97,54.41501137863776
2001-07-31,91.2379,15164.8,4.6,142.6951,534.1,3.77,54.80656
2001-08-31,90.8605,15189.7,4.9,140.5072,537.8902682770051,3.65,55.19451972415915
2001-09-30,90.6639,15128.4,5.0,132.0401,544.2383057820356,3.07,55.54587694207259
2001-10-31,90.1331,15224.1,5.3,147.1245,551.7,2.49,55.75305
2001-11-30,89.9311,15576.1,5.5,134.4753,559.4993188505873,2.09,55.78200232592904
2001-12-31,90.1646,15713.9,5.7,138.8596,567.9413702426125,1.82,55.67306992261289
2002-01-31,90.7311,14985.0,5.7,114.7608,575.4,1.73,55.66835
2002-02-28,90.7307,14785.9,5.7,125.6751,581.0814469233228,1.74,55.791218473034085
2002-03-31,91.5183,14813.9,5.7,130.439,586.2784866685039,1.73,56.04300030281472
2002-04-30,91.7507,14874.5,5.9,143.7597,590.7,1.75,56.24119
2002-05-31,92.2593,14960.4,5.8,126.0791,594.7382889179278,1.75,56.366622858896434
2002-06-30,93.3528,15033.4,5.8,127.5777,598.4613982765133,1.75,56.44133655566768
2002-07-31,93.0044,15011.9,5.8,127.9357,604.2,1.73,56.661269999999995
2002-08-31,93.233,14981.1,5.7,124.502,612.2060951956888,1.74,57.05791741665661
2002-09-30,93.3635,14907.3,5.7,129.1641,621.5619942248453,1.75,57.55722231070045
2002-10-31,93.0256,15033.6,5.7,132.443,629.4,1.75,57.85782
2002-11-30,93.4885,15383.9,5.9,123.3658,634.6635438946225,1.34,57.88751440159182
2002-12-31,92.918,15577.0,6.0,128.3269,638.0432431797075,1.24,57.71589704704823
2003-01-31,93.6423,14859.0,5.8,124.9329,641.5,1.24,57.77056999999999
2003-02-28,93.5578,14652.3,5.9,125.1269,645.0206862591812,1.26,58.08057404347677
2003-03-31,93.7146,14652.4,5.9,115.7969,649.1579838163317,1.25,58.64311487060838
2003-04-30,92.9569,14725.9,6.0,113.0903,652.1,1.26,58.960440000000006
2003-05-31,93.061,14826.2,6.1,116.8411,653.7816245829531,1.26,58.96406751038286
2003-06-30,93.5406,14889.5,6.3,125.9753,654.4177156845788,1.22,58.72109742254933
2003-07-31,93.8282,14860.5,6.2,126.6818,656.1,1.01,58.64208000000001
2003-08-31,93.5475,14898.1,6.1,120.4636,659.1636834865186,1.03,58.808653918502415
2003-09-30,94.3123,14865.2,6.1,121.4878,663.1752462443812,1.01,59.16180310105016
2003-10-31,94.4027,15010.3,6.0,121.3702,666.7,1.01,59.4596
2003-11-30,95.3834,15315.2,5.8,116.2349,669.2419730503998,1.0,59.64094486032997
2003-12-31,95.1734,15505.2,5.7,97.4578,671.2166291553716,0.98,59.732905081735716
2004-01-31,95.2003,14861.4,5.7,112.9119,674.1,1.0,59.82355
2004-02-29,95.9019,14693.8,5.6,108.2992,677.8734009509228,1.01,59.9225837519991
2004-03-31,95.7359,14775.6,5.8,124.856,682.8566688079279,1.0,60.03233661238665
2004-04-30,96.1117,14862.8,5.6,105.6895,687.4,1.0,60.07385
2004-05-31,96.8749,14987.0,5.6,116.4103,691.5780083043701,1.0,60.037000960140816
2004-06-30,96.0901,15082.0,5.6,113.117,695.3374660738249,1.03,59.95055699003304
2004-07-31,96.9635,15051.3,5.5,111.4776,700.3,1.26,59.976009999999995
2004-08-31,97.4053,15054.8,5.4,107.6055,706.5851594789577,1.43,60.1458399268017
2004-09-30,97.4501,14996.2,5.4,108.8944,713.3936681079356,1.61,60.4220032743862
2004-10-31,98.5564,15154.5,5.5,101.3778,717.8,1.76,60.66032
2004-11-30,98.5002,15526.2,5.4,110.7254,718.9866562154142,1.93,60.8197605814904
2004-12-31,99.2488,15707.1,5.4,109.2032,717.612623577238,2.16,60.91244615192949
2005-01-31,99.9993,15051.1,5.3,108.4678,717.3,2.28,60.94141
2005-02-28,100.9049,14911.9,5.4,107.3014,718.4970208589134,2.5,60.91425957444432
2005-03-31,100.3947,14955.6,5.2,121.7403,721.3257148773765,2.63,60.827402068465595
2005-04-30,100.7643,15068.9,5.2,114.4537,724.7,2.79,60.700869999999995
2005-05-31,101.0644,15194.5,5.1,106.3725,728.6706976672257,3.0,60.52910920475249
2005-06-30,101.2541,15300.1,5.0,107.0381,732.819986408569,3.04,60.35383353591926
2005-07-31,100.8936,15327.6,5.0,108.6728,736.4,3.26,60.3575
2005-08-31,101.3754,15348.8,4.9,118.236,739.0910551016293,3.5,60.58115288261624
2005-09-30,100.3022,15226.4,5.0,114.1511,741.105081481469,3.62,60.96655529929534
2005-10-31,101.8829,15348.9,5.0,108.8011,744.2,3.78,61.28276999999999
2005-11-30,102.7324,15741.9,5.0,104.3682,748.4323248887831,4.0,61.46890380803076
2005-12-31,102.9308,15938.4,4.9,100.3299,753.8146003169829,4.16,61.54320327889466
2006-01-31,103.7581,15245.6,4.7,104.9596,758.5,4.29,61.534819999999996
2006-02-28,103.4,15067.2,4.8,110.1329,761.869329978373,4.49,61.46188930063497
2006-03-31,103.3013,15150.1,4.7,113.7691,764.647272288085,4.59,61.32463646792563
2006-04-30,103.8212,15171.3,4.7,111.6042,766.4,4.79,61.23753000000001
2006-05-31,103.4292,15253.8,4.6,105.0241,767.247835492798,4.94,61.21529102409815
2006-06-30,103.8678,15332.6,4.6,100.0227,767.4383535660177,4.99,61.25639428486037
2006-07-31,103.612,15326.4,4.7,103.1928,768.9,5.24,61.34482
2006-08-31,104.3946,15337.2,4.7,101.7515,771.9646283991726,5.25,61.476842539818065
2006-09-30,104.4833,15235.3,4.5,103.446,776.0551874855721,5.25,61.643271222270236
2006-10-31,104.0797,15386.0,4.4,115.9238,778.9,5.25,61.83716999999999
2006-11-30,104.1417,15813.5,4.5,112.0277,779.914066979663,5.25,62.04318422473025
2006-12-31,105.7484,15982.4,4.4,115.8553,779.6233381557097,5.24,62.24929376904178
2007-01-31,105.1816,15342.5,4.6,105.6854,780.9,5.25,62.284
2007-02-28,105.6138,15182.0,4.5,112.465,783.8485557655957,5.26,62.14283638245145
2007-03-31,106.605,15301.0,4.4,93.5818,788.4985602164381,5.26,61.83677387926838
2007-04-30,107.3444,15327.3,4.5,105.8592,790.5,5.25,61.65661
2007-05-31,107.2842,15462.9,4.4,109.0541,789.2064216633867,5.25,61.64370946387346
2007-06-30,107.6883,15511.5,4.6,104.5038,785.0113227312452,5.25,61.78184862366908
2007-07-31,107.8331,15514.4,4.7,98.8109,779.6,5.26,61.97214
2007-08-31,107.5694,15538.3,4.6,102.4016,773.420272020717,5.02,62.19284502573656
2007-09-30,108.1094,15440.9,4.7,99.8283,764.7499881643289,4.94,62.45098211114564
2007-10-31,107.7768,15529.0,4.7,95.3482,740.6,4.76,62.862590000000004
2007-11-30,108.4352,15994.6,4.7,104.1502,700.5700934828676,4.49,63.41670707609566
2007-12-31,108.5858,16162.0,5.0,99.8557,644.680052630607,4.24,64.08311573686726
2008-01-31,108.1717,15464.1,5.0,97.1568,591.2,3.94,64.41587
2008-02-29,107.465,15231.2,4.9,92.5968,546.1212528473382,2.98,64.35592052814496
2008-03-31,107.1702,15284.9,5.1,93.703,504.5458714095224,2.61,64.0119276265827
2008-04-30,105.9815,15247.6,5.0,90.4955,478.8,2.28,64.11086999999999
2008-05-31,105.4636,15302.0,5.4,97.905,468.6689073114817,1.98,64.7923832496258
2008-06-30,104.7522,15342.8,5.6,104.8898,472.5709851988485,2.0,65.98287580372511
2008-07-31,103.4955,15308.5,5.8,107.1886,476.6,2.01,67.57396999999999
2008-08-31,102.2059,15270.9,6.1,97.6915,478.27823200460966,2.0,69.50078723352698
2008-09-30,98.5396,15099.4,6.1,102.0567,477.78990675994146,1.81,71.60189086237973
2008-10-31,98.002,15138.1,6.5,106.6824,475.9,0.97,73.48998
2008-11-30,95.6481,15351.7,6.8,104.4554,472.85627879402483,0.39,74.96003118596039
2008-12-31,92.2691,15424.4,7.3,110.7348,471.5948199881945,0.16,76.15414629515335
2009-01-31,89.4332,14688.6,7.8,97.8208,492.3,0.15,77.2997
2009-02-28,89.3913,14439.0,8.3,98.7155,532.9520064141711,0.22,78.33577994470642
2009-03-31,87.807,14410.6,8.7,102.593,598.3174438933746,0.18,79.46756310268104
2009-04-30,87.2371,14399.6,9.0,103.3105,656.5,0.15,80.4389
2009-05-31,86.3136,14495.4,9.4,99.0684,706.2707786442343,0.18,81.29274032800271
2009-06-30,86.0265,14543.5,9.5,95.6117,743.9628977605099,0.21,81.98064882975635
2009-07-31,87.4112,14489.3,9.5,92.5762,769.2,0.16,82.59064000000001
2009-08-31,88.4647,14495.3,9.6,97.8809,780.0221221552457,0.16,83.10511590965898
2009-09-30,89.2561,14367.5,9.8,94.1269,778.6174461697524,0.15,83.54652573033714
2009-10-31,89.3968,14413.0,10.0,94.3044,776.6,0.12,84.16278
2009-11-30,90.3186,14729.7,9.9,93.398,775.9472250748859,0.12,84.94859353696677
2009-12-31,90.1551,14863.7,9.9,86.7104,776.408370400559,0.12,85.91412957650064
2010-01-31,91.2764,14290.5,9.8,104.6904,776.7,0.11,86.76598
2010-02-28,91.3081,14123.0,9.8,101.3311,776.6150429993411,0.13,87.39638502822078
2010-03-31,92.4616,14209.3,9.9,100.993,776.3173689256472,0.16,87.95474025430373
2010-04-30,93.3099,14269.1,9.9,100.5754,777.0,0.2,88.44771
2010-05-31,94.6419,14380.1,9.6,93.313,778.9442109986362,0.2,88.92668719647548
2010-06-30,94.5285,14441.8,9.4,100.8596,784.7098492047843,0.18,89.37701586136657
2010-07-31,95.1146,14445.1,9.4,106.7944,811.7,0.18,89.93168
2010-08-31,95.2587,14463.7,9.5,104.0874,862.8875455979917,0.19,90.59419549283973
2010-09-30,95.2835,14361.0,9.5,106.2128,934.1057074970544,0.19,91.31794345433474
2010-10-31,95.3587,14510.5,9.4,96.6795,1021.5,0.19,92.02388
2010-11-30,95.3965,14849.9,9.8,97.4601,1118.0747662901213,0.19,92.64637591831186
2010-12-31,95.8656,15008.4,9.3,82.0493,1228.708977646537,0.18,93.18561244381594
2011-01-31,96.0682,14448.6,9.1,106.3954,1340.4,0.17,93.35519000000001
2011-02-28,96.2263,14282.5,9.0,100.21,1440.6656113840693,0.16,93.15021987141425
2011-03-31,96.8409,14349.3,9.0,101.012,1547.0018262211886,0.14,92.63635883137684
2011-04-30,96.279,14489.0,9.1,100.6991,1619.5,0.1,92.5588
2011-05-31,96.4175,14588.7,9.0,104.8129,1657.827426477732,0.09,93.05426514253394
2011-06-30,96.5405,14682.3,9.1,101.6522,1663.76849513083,0.09,93.9974241391961
2011-07-31,97.1629,14718.0,9.0,96.6245,1664.7,0.07,94.85943
2011-08-31,97.523,14717.5,9.0,98.1789,1664.8096811327587,0.1,95.50893995750474
2011-09-30,97.8561,14617.2,9.0,98.3869,1664.2156524998218,0.08,95.95673397561853
2011-10-31,98.3927,14751.7,8.8,98.6854,1663.4,0.07,96.36931
2011-11-30,98.1202,15142.3,8.6,95.5807,1662.4976603701161,0.08,96.74161062059193
2011-12-31,98.8168,15296.7,8.5,97.9,1661.5356049931113,0.07,97.09776057514561
2012-01-31,99.7093,14734.5,8.3,103.3864,1661.1,0.08,97.42044
2012-02-29,100.038,14520.3,8.3,101.3439,1661.258842261065,0.1,97.69128410429514
2012-03-31,99.586,14580.3,8.2,98.2955,1661.6473887448203,0.13,97.94729116654146
2012-04-30,100.1877,14670.4,8.2,98.954,1659.9,0.14,98.15989
2012-05-31,99.8458,14775.5,8.2,98.1488,1655.4602590388527,0.16,98.3428447961524
2012-06-30,100.1427,14815.9,8.2,100.9721,1649.2944231680333,0.16,98.50900361036257
2012-07-31,100.0497,14807.7,8.2,99.4651,1645.3,0.16,98.82568
2012-08-31,99.8597,14815.2,8.1,95.7604,1644.4354829059457,0.13,99.31560294753146
2012-09-30,99.8234,14738.9,7.8,96.5395,1648.0917074527192,0.14,99.91916451862049
2012-10-31,99.4857,14877.7,7.8,103.3996,1666.1,0.16,100.45154000000001
2012-11-30,100.2198,15363.0,7.7,104.6564,1698.8113017458086,0.16,100.84287137740753
2012-12-31,101.0522,15462.5,7.9,99.0783,1746.4866648188647,0.16,101.11417583273494
2013-01-31,100.7283,14858.2,8.0,97.8017,1796.0,0.14,101.21783
2013-02-28,101.2369,14672.3,7.7,98.9136,1840.4241374245744,0.15,101.1623944006407
2013-03-31,101.159,14711.7,7.5,99.1332,1889.3181021815367,0.14,100.94147177737806
2013-04-30,100.7622,14808.6,7.6,99.9354,1936.6,0.15,100.6034
2013-05-31,101.0469,14932.3,7.5,99.5938,1985.4731922865344,0.11,100.13273926143219
2013-06-30,101.3055,15045.2,7.5,97.2092,2031.7862945652253,0.09,99.61272400438781
2013-07-31,100.2932,15097.3,7.3,98.404,2072.3,0.09,99.34376
2013-08-31,101.195,15131.7,7.2,99.0137,2104.30169691557,0.08,99.40310798642643
2013-09-30,101.2834,15052.6,7.2,96.5252,2134.2250101583704,0.08,99.7676834491482
2013-10-31,101.4163,15212.3,7.2,95.0186,2208.8,0.09,100.42721999999999
2013-11-30,101.4165,15655.3,6.9,96.3467,2330.273871767974,0.08,101.3337120766001
2013-12-31,101.3819,15839.4,6.7,96.8031,2493.9425197208448,0.09,102.42643183191385
2014-01-31,100.1818,15170.7,6.6,95.1042,2614.6,0.07,102.90374
2014-02-28,101.2442,14951.8,6.7,93.8141,2674.091935410447,0.07,102.6874093022628
2014-03-31,102.136,15015.4,6.7,91.8105,2692.050604111101,0.08,101.84332155149862
2014-04-30,101.9852,15137.0,6.2,92.1915,2705.9,0.09,101.14551999999999
2014-05-31,102.2936,15238.9,6.3,91.5547,2725.477426653207,0.09,100.69282058199295
2014-06-30,102.6556,15354.6,6.1,88.4374,2748.208739992189,0.1,100.51224407856083
2014-07-31,103.147,15389.2,6.2,97.4556,2767.3,0.09,100.5779
2014-08-31,102.6082,15380.4,6.1,91.8039,2780.544405014947,0.09,100.89764732410728
2014-09-30,102.6413,15298.8,5.9,90.102,2788.205680395913,0.09,101.38143435629843
2014-10-31,102.5636,15481.6,5.7,81.6224,2793.4,0.09,101.63324
2014-11-30,103.4288,15894.3,5.8,84.893,2796.2033403935193,0.09,101.56924400876571
2014-12-31,103.1127,16048.1,5.6,89.6342,2797.061336422504,0.12,101.22215727892267
2015-01-31,102.677,15421.1,5.7,90.4451,2797.5,0.11,100.82571999999999
2015-02-28,101.957,15244.9,5.5,88.6214,2797.788825742453,0.11,100.46139150388962
2015-03-31,102.263,15311.7,5.4,84.8382,2798.0358747481278,0.11,100.04686547472504
2015-04-30,102.1316,15401.8,5.4,85.5672,2798.5,0.12,99.60722
2015-05-31,102.0859,15530.3,5.6,85.1943,2799.271927944864,0.12,99.10766033851604
2015-06-30,101.6587,15620.5,5.3,88.784,2800.3488081521687,0.13,98.68004905839426
2015-07-31,102.323,15647.0,5.2,100.2145,2802.1,0.13,98.92733
2015-08-31,102.0213,15626.3,5.1,94.9551,2804.5493850807097,0.14,99.97969612722608
2015-09-30,101.6204,15513.4,5.0,98.7316,2807.44547092321,0.14,101.61104557133082
2015-10-31,101.5941,15696.8,5.0,96.7952,2810.1,0.12,102.95654
2015-11-30,101.2991,16095.8,5.1,95.6658,2812.202652601129,0.12,103.77575560266573
2015-12-31,100.9993,16221.5,5.0,92.8071,2813.9154173482684,0.24,104.15939220171155
2016-01-31,101.706,15625.7,4.9,91.2743,2815.3,0.34,104.30306999999999
2016-02-29,101.1106,15486.6,4.9,96.9092,2816.3206161669577,0.38,104.25741127678768
2016-03-31,100.9595,15576.8,5.0,99.3279,2817.284607444161,0.36,104.04888848527044
2016-04-30,100.5583,15648.7,5.0,95.8547,2819.1,0.37,103.88816
2016-05-31,100.5821,15745.7,4.8,97.1167,2822.0773361805695,0.37,103.80179580319897
2016-06-30,100.8661,15851.8,4.9,100.161,2825.9070611681614,0.38,103.80892228563035
