index,GOLDAMGBDollarD228NLBM,Industrial Production_Manufacturing (NAICS),"All Employees, Retail Trade",Unemployment_Rate,IndustrialProductionGoldSilver21222S,Federal Debt Held by Federal Reserve Banks,FEDFUNDS,Fed Debt_Total Public Debt as Perc of GDP,Households and Nonprofit Organizations_Total Assets,Total Vehicle Sales,New Private Housing Units Authorized by Building Permits,Corp_Total Assets
1969-01-31,42.29090909090909,36.6924,7039.7,3.4,24.9872,55.8,6.3,36.19577,4045.5640000000003,885.2,1459.0,1338.6129999999998
1969-02-28,42.61625,36.6924,6988.4,3.4,24.9872,55.8,6.61,35.80077266403289,4048.186802438281,885.2,1495.0,1348.5825922649344
1969-03-31,43.171428571428564,36.6924,7051.5,3.4,24.9872,55.8,6.79,35.300020657310114,4055.859253671664,885.2,1438.0,1360.307246470883
1969-04-30,43.294999999999995,36.6924,7178.7,3.4,24.9872,55.8,7.41,34.97403,4064.3540000000003,885.2,1441.0,1371.496
1969-05-31,43.46071428571429,36.6924,7245.4,3.4,24.9872,55.8,8.67,34.845649696508474,4073.494293767232,885.2,1328.0,1382.7251458204971
1969-06-30,41.441666666666684,36.6924,7329.2,3.5,24.9872,55.8,8.9,34.902717177457276,4082.643491561826,885.2,1349.0,1393.4687209301628
1969-07-31,41.75521739130435,36.6924,7285.5,3.5,24.9872,55.8,8.61,35.019459999999995,4092.114,885.2,1278.0,1405.701
1969-08-31,41.12809523809525,36.6924,7287.6,3.5,24.9872,55.8,9.19,35.17345000044861,4101.551806429406,885.2,1317.0,1419.2908751903883
1969-09-30,40.86452380952381,36.6924,7325.3,3.7,24.9872,55.8,9.15,35.345636321828756,4110.839529484179,885.2,1263.0,1433.2524148629116
1969-10-31,40.47608695652174,36.6924,7400.9,3.7,24.9872,55.8,9.0,35.46954,4121.772,885.2,1216.0,1445.4579999999999
1969-11-30,37.4515,36.6924,7547.5,3.5,24.9872,55.8,8.85,35.52486671508575,4133.8293959605635,885.2,1191.0,1454.6376087176047
1969-12-31,35.18928571428571,36.6924,7881.1,3.5,24.9872,55.8,8.97,35.510081172288515,4145.530075389427,885.2,1155.0,1462.1575134273378
1970-01-31,34.945952380952384,36.6924,7315.5,3.9,24.9872,55.8,8.98,35.38879,4141.86,885.2,1062.0,1472.4979999999998
1970-02-28,34.99375,36.6924,7260.4,4.2,24.9872,56.35260363754987,8.98,35.182584293552495,4123.098540839459,885.2,1118.0,1484.9998064972583
1970-03-31,35.08849999999999,36.6924,7319.8,4.4,24.9872,57.01276248600921,7.76,34.874624237027135,4090.906402979524,885.2,1132.0,1501.417516878168
1970-04-30,35.62340909090909,36.6924,7400.3,4.6,24.9872,57.7,8.1,34.67329,4084.97,885.2,1224.0,1513.921
1970-05-31,35.95824999999999,36.6924,7436.6,4.8,24.9872,58.46013201378833,7.94,34.60057073277522,4112.249847955084,885.2,1328.0,1522.1468607462493
1970-06-30,35.43727272727273,36.6924,7481.8,4.9,24.9872,59.23303544625757,7.6,34.662017067586326,4166.1419632692805,885.2,1322.0,1526.470411657363
1970-07-31,35.32934782608695,36.6924,7423.5,5.0,24.9872,60.0,7.21,34.86717,4219.539000000001,885.2,1324.0,1532.922
1970-08-31,35.377250000000004,36.6924,7401.2,5.1,24.9872,60.72310306770891,6.61,35.217205842140146,4265.519472468193,885.2,1394.0,1542.341592113902
1970-09-30,36.19613636363636,36.6924,7456.5,5.4,24.9872,61.38984676076088,6.29,35.632139355573024,4304.801323455747,885.2,1426.0,1553.9043852623456
1970-10-31,37.552727272727275,36.6924,7512.5,5.5,24.9872,62.1,6.2,35.74822,4351.704000000001,885.2,1564.0,1565.98
1970-11-30,37.4547619047619,36.6924,7611.9,5.9,24.9872,62.816474954980364,5.6,35.49620002397931,4405.047699559944,885.2,1502.0,1577.4104883406867
1970-12-31,37.43386363636363,36.6924,7962.3,6.1,24.9872,63.567014423959726,4.9,34.92985826400388,4465.9373252022915,885.2,1767.0,1589.037543309204
1971-01-31,37.86749999999999,36.6924,7452.5,5.9,24.9872,64.2,4.14,34.50345,4517.03,885.2,1643.0,1600.986
1971-02-28,38.715999999999994,36.6924,7374.2,5.9,24.9872,64.65110823420495,3.72,34.307606347874206,4552.3602567577655,885.2,1588.0,1612.1323095658618
1971-03-31,38.872826086956515,36.6924,7423.1,6.0,24.9872,65.0448776579572,3.71,34.285267727213295,4580.635828400581,885.2,1759.0,1624.8103716604198
1971-04-30,39.00099999999999,36.6924,7549.5,5.9,24.9872,65.5,4.15,34.360890000000005,4604.487,885.2,1745.0,1637.065
1971-05-31,40.4925,36.6924,7608.5,5.9,24.9872,66.08290846445473,4.63,34.51997081284277,4626.976089117953,885.2,1972.0,1649.6424751212865
1971-06-30,40.10477272727274,36.6924,7668.8,5.9,24.9872,66.75980964694153,4.91,34.7452009321491,4648.001757957642,885.2,1903.0,1661.7508547633042
1971-07-31,40.929318181818196,36.6924,7625.3,6.0,24.9872,67.6,5.31,35.00694,4677.519,885.2,2069.0,1674.3210000000001
1971-08-31,42.72184210526316,36.6924,7637.1,6.1,24.9872,68.58722844613132,5.56,35.29075559830096,4716.372094771364,885.2,2004.0,1686.9707399677015
1971-09-30,41.97636363636364,36.6924,7704.1,6.0,24.9872,69.60188583778529,5.55,35.556521905880054,4762.349752870679,885.2,1996.0,1699.4034125856404
1971-10-31,42.476190476190474,36.6924,7748.7,5.8,24.9872,70.2,5.2,35.63237,4815.278,885.2,2026.0,1713.1779999999999
1971-11-30,42.842045454545456,36.6924,7882.0,6.0,24.9872,70.26225809745637,4.91,35.48349270892967,4871.231024220735,885.2,2079.0,1727.5210231445112
1971-12-31,43.44642857142856,36.6924,8230.5,6.0,24.9872,69.91181483485332,4.14,35.125828851852255,4931.721238523381,885.2,2133.0,1743.0987103655743
1972-01-31,45.6402380952381,36.6924,7793.2,5.8,24.9872,69.9,3.5,34.72622,4980.76,885.2,2238.0,1757.5929999999998
1972-02-29,48.236666666666665,36.9567,7738.0,5.7,26.2182,70.31808891946618,3.29,34.34106014610109,5013.983483429773,885.2,2169.0,1769.8726833293076
1972-03-31,48.28840909090909,37.1965,7793.2,5.8,26.5612,71.09580094369858,3.83,33.93707810274,5038.36737829091,885.2,2105.0,1781.7858044627683
1972-04-30,49.02605263157895,37.644,7915.3,5.7,25.5496,71.4,4.17,33.67383,5065.488,885.2,2139.0,1793.0539999999999
1972-05-31,54.5,37.6836,7974.9,5.7,25.8149,71.1053895356769,4.27,33.55635575670527,5099.876251560512,885.2,2067.0,1804.6040360401153
1972-06-30,62.17045454545453,37.8022,8049.7,5.7,23.8359,70.33534570967613,4.46,33.57528623071935,5141.41339369182,885.2,2183.0,1816.2106889865354
1972-07-31,65.55833333333335,37.8128,7990.2,5.6,22.6023,69.7,4.55,33.62447,5206.177,885.2,2195.0,1831.943
1972-08-31,66.91704545454544,38.3031,8011.7,5.6,18.9615,69.33726548895544,4.8,33.685961497396576,5295.3459871021605,885.2,2263.0,1852.021451034435
1972-09-30,65.58928571428572,38.5731,8070.0,5.5,21.226,69.29688837705709,4.87,33.74705258199052,5397.363194643001,885.2,2393.0,1874.7574264557377
1972-10-31,64.82363636363635,39.1695,8154.7,5.6,22.1484,69.9,5.04,33.74758,5471.4169999999995,885.2,2354.0,1896.388
1972-11-30,62.725681818181805,39.6756,8332.3,5.3,21.5958,71.15878404495045,5.06,33.677374311855104,5505.217204508339,885.2,2234.0,1914.6847629668214
1972-12-31,63.778947368421065,40.2595,8664.1,5.2,21.2403,72.99079094669585,5.33,33.5297353756362,5506.376243270577,885.2,2419.0,1931.5332844151435
1973-01-31,65.12681818181817,40.5321,8157.0,4.9,22.072,74.3,5.94,33.29287,5507.448,885.2,2271.0,1950.543
1973-02-28,73.97125000000001,41.1963,8081.8,5.0,21.9871,74.8704563769929,6.58,33.00025983664677,5513.58190710696,885.2,2226.0,1970.2217586430675
1973-03-31,84.10468181818182,41.2768,8136.7,4.9,19.9682,74.9197627715084,7.09,32.61472659690913,5528.4266225624515,885.2,2062.0,1994.357421359781
1973-04-30,90.44078947368422,41.2179,8254.8,5.0,19.3753,75.0,7.12,32.34466,5565.906999999999,885.2,1908.0,2017.297
1973-05-31,101.62272727272726,41.4853,8334.4,4.9,20.0875,75.24000028276417,7.84,32.20510615943371,5631.544320420443,885.2,1931.0,2040.0142727598957
1973-06-30,119.79999999999998,41.4705,8402.7,4.9,19.8371,75.62657045885119,8.49,32.18167592182951,5713.176130975494,885.2,2051.0,2061.4656473706527
1973-07-31,120.36363636363636,41.6769,8334.1,4.8,21.5621,76.2,10.4,32.12455,5766.0,885.2,1819.0,2085.756
1973-08-31,106.225,41.5521,8337.4,4.8,21.0822,76.9526611519766,10.5,32.00940116726573,5778.4516558313335,885.2,1809.0,2112.6483588426095
1973-09-30,103.03375000000001,41.946,8414.1,4.8,18.991,77.80309719352334,10.78,31.859776153783912,5758.632274057502,885.2,1704.0,2140.5482918080816
1973-10-31,99.92282608695652,42.2962,8485.1,4.6,19.7926,78.5,10.01,31.77379,5746.861999999999,885.2,1411.0,2167.498
1973-11-30,94.64545454545454,42.6218,8648.6,4.8,19.224,78.94981001540158,10.03,31.774045080002747,5750.47055921088,885.2,1402.0,2191.1564056484963
1973-12-31,106.23611111111111,42.6488,8903.0,4.9,19.2984,79.21661386583101,9.95,31.83182247682804,5767.139127325986,885.2,1288.0,2213.938387697679
1974-01-31,129.02727272727273,42.2744,8361.6,5.1,18.3974,79.5,9.65,31.764490000000002,5780.61,885.2,1331.0,2240.379
1974-02-28,150.0,42.091,8246.6,5.2,18.9821,79.80356170318404,8.97,31.56803683349123,5787.525806733696,885.2,1360.0,2268.2246909956784
1974-03-31,168.29761904761904,42.0853,8283.4,5.1,19.9475,80.17946679005797,9.35,31.2322514691544,5789.244442623617,885.2,1440.0,2303.2512835100883
1974-04-30,172.2175,41.8849,8422.9,5.1,20.5436,80.5,10.51,30.99462,5784.166,885.2,1254.0,2340.115
1974-05-31,163.56818181818178,42.1703,8514.8,5.1,20.2939,80.76985061610443,11.31,30.88058857691823,5771.7912678169905,885.2,1138.0,2381.025954460336
1974-06-30,154.0125,42.2289,8572.1,5.4,19.7364,80.95898452114746,11.93,30.877966411185014,5756.786588401195,885.2,1086.0,2422.225942454624
1974-07-31,142.2826086956522,42.1487,8548.4,5.5,18.3143,81.0,12.92,30.86269,5762.666,885.2,1002.0,2459.371
1974-08-31,154.36190476190475,41.7946,8535.8,5.5,16.5819,80.87080199703047,12.01,30.81411035676321,5794.342647976933,885.2,917.0,2489.8237731385766
1974-09-30,151.65952380952382,41.8679,8622.8,5.9,18.2191,80.62415775017205,11.34,30.754146107041755,5847.683545358003,885.2,840.0,2515.925052320022
1974-10-31,158.5326086956522,41.5436,8671.9,6.0,18.5848,80.5,10.06,30.79768,5914.353,885.2,824.0,2558.446
1974-11-30,181.48333333333335,40.2681,8750.6,6.6,18.7033,80.5467909087501,9.45,30.960660818355787,5988.173428438684,885.2,783.0,2617.6461289262265
1974-12-31,183.6825,38.4303,8935.0,7.2,18.3034,80.79276084927585,8.53,31.239265798171235,6073.6313790538015,885.2,869.0,2692.6964577084173
1975-01-31,176.86363636363637,37.6185,8411.1,8.1,19.2414,81.4,7.13,31.536040000000003,6165.639,885.2,726.0,2751.344
1975-02-28,179.5525,36.5552,8298.3,8.1,17.99,82.28354980235343,6.24,31.805346757753895,6253.947015608505,885.2,729.0,2785.5471027275016
1975-03-31,178.20263157894738,36.0622,8328.3,8.6,16.4235,83.56801985227081,5.54,32.09236647606466,6352.047425824182,885.2,709.0,2804.8557798126126
1975-04-30,170.06590909090912,36.0197,8414.1,8.8,17.9004,84.7,5.49,32.27817,6412.281999999999,885.2,866.0,2819.297
1975-05-31,167.29285714285714,35.9752,8523.6,9.0,17.7252,85.6711472564086,5.22,32.35892164507048,6431.633655517991,885.2,914.0,2832.70916746313
1975-06-30,164.25,36.2888,8614.3,8.8,18.6439,86.41957009999365,5.55,32.349908041697475,6417.989251668721,885.2,946.0,2844.528934576093
1975-07-31,164.86739130434785,36.7949,8601.8,8.6,18.3607,87.0,6.1,32.38043,6428.3369999999995,885.2,1020.0,2857.458
1975-08-31,163.16750000000002,37.2038,8638.4,8.4,18.1499,87.38512807711413,6.14,32.47296785763815,6473.127100754863,885.2,994.0,2871.431231503567
1975-09-30,144.31136363636364,37.8323,8698.0,8.4,19.1779,87.60668160802167,6.24,32.610292801274916,6544.814040870141,885.2,1064.0,2886.2868045417927
1975-10-31,142.6913043478261,38.0382,8729.8,8.4,18.5596,87.9,5.82,32.7301,6619.960999999999,885.2,1096.0,2905.163
1975-11-30,142.565,38.1558,8851.9,8.3,19.0059,88.28096177451606,5.22,32.81338473895219,6689.267761510854,885.2,1110.0,2927.1809045692607
1975-12-31,139.27857142857144,38.643,9136.3,8.2,19.8301,88.82058599856822,5.2,32.876483127968676,6758.084223809856,885.2,1091.0,2953.617083163698
1976-01-31,131.6952380952381,39.1713,8701.4,7.9,19.137,89.8,4.87,32.98513,6828.714,885.2,1195.0,2982.5759999999996
1976-02-29,130.94,39.7897,8633.2,7.7,18.2271,91.16136275747739,4.77,33.13911047482608,6897.179981044654,994.7,1190.0,3011.753410588679
1976-03-31,132.67608695652171,39.8599,8684.7,7.6,18.2745,92.97807043157353,4.84,33.34482858572242,6971.10465645298,1243.6,1164.0,3044.6641372464933
1976-04-30,127.91,40.1054,8863.3,7.7,18.4704,94.4,4.82,33.494640000000004,7032.355,1191.2,1132.0,3075.1240000000003
1976-05-31,126.9125,40.3213,8952.8,7.4,17.523,95.39181000600641,5.29,33.581653606858254,7082.942367543068,1203.2,1194.0,3104.583790072891
1976-06-30,125.68409090909094,40.3277,8988.3,7.6,18.1481,95.93988375458935,5.48,33.610000359301026,7122.671381966897,1254.7,1188.0,3131.0052958926817
1976-07-31,117.8659090909091,40.6281,8973.3,7.8,18.8452,96.4,5.31,33.64333,7173.637,1162.3,1245.0,3155.278
1976-08-31,110.05476190476189,40.8932,9007.3,7.8,18.7144,96.80505155941924,5.29,33.69099846716289,7237.899996491426,1026.1,1309.0,3176.3270247525097
1976-09-30,114.09772727272725,40.9732,9081.2,7.6,18.8674,97.09768271190683,5.25,33.746620353117734,7309.272654111006,1057.9,1481.0,3194.584422915027
1976-10-31,116.09523809523812,40.9448,9082.2,7.7,18.0138,97.0,5.02,33.78753,7370.469,1129.4,1425.0,3217.3309999999997
1976-11-30,130.3409090909091,41.4707,9205.4,7.8,17.7141,96.47138022193087,4.95,33.806926714386094,7414.062668394525,1084.4,1531.0,3244.0559812360707
1976-12-31,133.67380952380955,41.9129,9466.2,7.8,17.3776,95.68649634448008,4.65,33.79199197851427,7447.224181552319,1061.8,1511.0,3275.676425596358
1977-01-31,132.30625,41.8246,9030.6,7.5,18.7068,96.0,4.61,33.65136,7495.545999999999,969.9,1466.0,3305.844
1977-02-28,136.1625,42.5735,8918.2,7.6,18.4444,97.43253658014552,4.68,33.40249771665355,7556.392345176959,1092.1,1560.0,3330.9978220818957
1977-03-31,148.33913043478262,43.1864,9026.0,7.4,19.356,100.06486252863421,4.69,33.02863208910594,7639.371267241812,1451.1,1660.0,3357.0737654029117
1977-04-30,149.18421052631578,43.6171,9186.0,7.2,18.7753,102.2,4.73,32.80422,7713.168000000001,1354.4,1660.0,3384.055
1977-05-31,146.53636363636363,43.9977,9299.4,7.0,19.7583,103.6873677394531,5.35,32.761634711806465,7778.260277310707,1377.1,1668.0,3414.446983829428
1977-06-30,140.8275,44.3683,9381.7,7.2,19.6755,104.4543473834621,5.39,32.876855171943966,7832.39723121637,1459.8,1752.0,3446.071421369021
1977-07-31,143.39761904761906,44.3774,9366.0,6.9,18.5828,104.7,5.42,32.98791,7891.5380000000005,1202.0,1687.0,3479.658
1977-08-31,145.00909090909087,44.5811,9408.2,7.0,19.3327,104.41430840667988,5.9,33.062713034068345,7955.977063156828,1234.5,1780.0,3513.9389990155364
1977-09-30,149.33409090909092,44.6218,9499.6,6.8,19.0728,103.68501600843673,6.14,33.11278019195147,8022.291700970368,1104.6,1674.0,3547.65510124541
1977-10-31,158.84761904761905,44.739,9529.2,6.8,20.1741,102.8,6.47,33.21873,8087.991999999999,1341.3,1758.0,3582.292
1977-11-30,162.13181818181818,44.822,9706.6,6.8,21.0989,101.86945198555202,6.51,33.38592064805976,8147.748803442024,1181.6,1771.0,3615.494817843096
1977-12-31,160.48000000000002,45.3241,10004.3,6.4,21.9856,101.03172858860181,6.56,33.579585325685535,8208.196601241183,1090.6,1754.0,3649.850341196321
1978-01-31,173.20714285714288,44.6628,9545.0,6.4,19.4106,101.6,6.7,33.5012,8284.255,931.3,1740.0,3686.637
1978-02-28,178.35999999999999,44.8005,9425.8,6.3,20.502,103.51773327485049,6.78,33.15166735759952,8368.962792946211,1071.4,1736.0,3722.318304940413
1978-03-31,183.77142857142857,45.5864,9521.2,6.3,19.633,106.96110654106133,6.79,32.5251279209625,8478.0879105613,1480.6,1799.0,3764.2043886938054
1978-04-30,175.32250000000002,46.3441,9696.4,6.1,18.956,110.1,6.89,32.12444,8583.667,1406.5,1948.0,3804.9559999999997
1978-05-31,176.19047619047618,46.523,9826.7,6.0,18.2244,112.83967942666656,7.36,32.01229055267024,8689.651993924848,1557.6,1766.0,3846.8550105799873
1978-06-30,183.76136363636363,46.8963,9921.7,5.9,18.9155,114.85076314365774,7.6,32.14556808133865,8788.00068328827,1549.4,1983.0,3887.5363652482934
1978-07-31,188.5690476190476,46.8701,9919.2,6.2,16.858,115.3,7.81,32.21407,8877.636,1289.2,1786.0,3931.855
1978-08-31,206.45454545454547,47.1209,9949.8,5.9,19.0676,113.93334959605646,8.04,32.15934095073069,8953.818049818037,1317.1,1691.0,3978.8473714790944
1978-09-30,212.21190476190475,47.3703,10018.8,6.0,19.145,111.27078634424028,8.45,32.00714615351832,9018.6866765279,1103.5,1751.0,4026.69478032615
1978-10-31,227.43181818181813,47.7231,10048.2,5.8,19.9431,109.6,8.96,31.862059999999996,9101.622,1397.0,1781.0,4077.4790000000003
1978-11-30,207.08181818181814,48.1665,10225.9,5.9,18.995,109.41775142408125,9.76,31.75154398119971,9201.226718558846,1248.7,1795.0,4127.748796058526
1978-12-31,207.89473684210523,48.5285,10490.5,6.0,18.2551,110.43406510470011,10.03,31.65969191626594,9321.209360096294,1068.5,1818.0,4180.604175857187
1979-01-31,226.98636363636368,48.1248,10023.1,5.9,17.6575,110.9,10.07,31.536009999999997,9439.801,1077.5,1461.0,4232.779
1979-02-28,245.59,48.2899,9897.4,5.9,17.3903,110.57608415449367,10.06,31.38858874061649,9542.85331002716,1148.7,1492.0,4279.073926005096
1979-03-31,242.3477272727273,48.5268,9975.1,5.8,17.0007,109.63467567601334,10.09,31.197803484465332,9653.057542644758,1483.8,1720.0,4330.139055908208
1979-04-30,239.17368421052632,47.7418,10103.8,5.8,17.214,109.7,10.01,31.06277,9759.741,1304.6,1597.0,4384.0740000000005
1979-05-31,257.7380952380953,48.3654,10170.8,5.6,17.9906,111.08947516778647,10.24,30.989980176279747,9870.803999745865,1373.0,1684.0,4445.419378955455
1979-06-30,279.3595238095238,48.4134,10200.9,5.7,17.8046,113.47454084693854,10.29,30.977664054058422,9979.232281461374,1183.8,1640.0,4508.742484173868
1979-07-31,295.0090909090909,48.4609,10126.8,5.7,19.6321,115.5,10.47,30.98402,10093.212,1164.4,1534.0,4568.917
1979-08-31,300.79318181818184,47.812,10149.0,6.0,20.3538,116.82822404444443,10.94,31.00298023367288,10209.319326442437,1207.2,1591.0,4622.1968449336355
1979-09-30,354.4975,47.9403,10218.3,5.9,19.0614,117.4597381443841,11.43,31.027913004224995,10321.066575007584,1029.6,1638.0,4668.281734917717
1979-10-31,390.9586956521739,48.1137,10259.2,6.0,18.867,117.5,13.77,31.02615,10419.169,1197.6,1481.0,4717.142
1979-11-30,391.51818181818186,47.9685,10428.2,5.9,18.5987,116.95640875598,13.18,30.992388159783125,10494.656966350081,1018.6,1276.0,4766.71375976212
1979-12-31,463.6657894736842,48.156,10663.2,6.0,18.3057,116.07799436993255,13.78,30.937893922481955,10557.949248644336,959.7,1254.0,4819.428862463494
1980-01-31,674.5795454545455,48.3631,10162.8,6.3,18.3473,116.7,13.82,30.949820000000003,10640.696000000002,1042.0,1280.0,4868.083
1980-02-29,665.8928571428571,48.2709,10046.1,6.3,18.7832,118.93405527541293,14.13,31.0350306880928,10741.264554056099,1038.7,1199.0,4909.022583741765
1980-03-31,554.2761904761904,47.917,10089.0,6.3,17.9257,122.60539633751772,17.19,31.19695805054128,10871.192096160823,1141.9,988.0,4949.947547749583
1980-04-30,516.71,46.8814,10150.5,6.9,18.819,124.5,17.61,31.37303,11004.871000000001,946.6,808.0,4999.178
1980-05-31,514.2675,45.4235,10214.9,7.5,18.9067,124.19472957389624,10.98,31.56551706442562,11148.557233058935,893.8,861.0,5062.33193642324
1980-06-30,600.7857142857143,44.7099,10245.9,7.6,18.299,122.11568836465894,9.47,31.740871363993943,11291.639362722444,932.7,1118.0,5132.774121970992
1980-07-31,645.75,44.1788,10199.3,7.8,13.232,120.7,9.03,31.776870000000002,11435.155,1006.6,1259.0,5198.971
1980-08-31,626.36,44.5309,10247.4,7.7,11.4228,120.45581648022159,9.61,31.643095887463787,11572.854873089535,884.2,1367.0,5255.776882873164
1980-09-30,673.9409090909091,45.2803,10290.1,7.5,14.0933,121.11206789715096,10.87,31.381003918891867,11697.921646690003,847.4,1484.0,5304.962065021536
1980-10-31,662.2695652173913,46.137,10273.9,7.5,15.3897,121.3,12.81,31.157,11801.874,1043.4,1366.0,5369.79
1980-11-30,623.875,47.0082,10410.7,7.5,16.3809,120.78461753551247,15.85,31.014549115958367,11875.351543616405,870.5,1383.0,5449.231465718518
1980-12-31,596.7119047619047,47.1251,10655.4,7.2,21.8019,119.68614810876794,18.9,30.93575598749418,11930.247024150756,821.4,1249.0,5544.294245933816
1981-01-31,557.8125,46.9789,10169.4,7.5,20.6861,119.0,19.08,30.872840000000004,12008.446000000002,814.3,1221.0,5625.149
1981-02-28,500.8,46.7234,10065.0,7.4,21.5676,118.88582920903686,15.93,30.821446080364517,12105.947164917368,949.2,1199.0,5681.773266819489
1981-03-31,499.6931818181818,46.878,10106.6,7.4,21.4016,119.28746887528351,14.7,30.768587829063414,12235.455286919321,1178.8,1183.0,5728.318701440143
1981-04-30,496.625,47.1214,10272.9,7.2,21.0311,120.0,15.72,30.70875,12329.541000000001,962.9,1190.0,5770.224
1981-05-31,480.3157894736842,47.3428,10377.4,7.5,21.0939,121.02987454923624,18.52,30.635388052803552,12383.873711309181,933.1,1173.0,5812.8957803726225
1981-06-30,460.5,47.089,10445.2,7.5,23.0563,122.35023578366273,19.1,30.56881445638685,12405.406287566406,942.7,976.0,5853.931807349031
1981-07-31,409.28409090909093,47.1991,10421.2,7.2,25.8919,124.3,19.04,30.60333,12461.856000000002,896.9,935.0,5898.291
1981-08-31,410.23999999999995,47.2307,10461.4,7.4,24.2405,126.88632866493475,17.82,30.75921005029692,12564.04971221359,1009.0,889.0,5945.005962692878
1981-09-30,443.77272727272725,46.9945,10480.2,7.6,25.3772,129.69394861016588,15.87,31.018764705123782,12696.517833505091,864.8,847.0,5992.245554513495
1981-10-31,437.67954545454546,46.5648,10433.0,7.9,24.5897,131.0,15.08,31.35587,12804.819,822.0,731.0,6041.819
1981-11-30,413.4047619047619,45.9601,10504.2,8.3,24.6025,130.41884854967265,13.31,31.741925024014527,12871.982639462214,743.0,748.0,6090.3165688992485
1981-12-31,410.1190476190476,45.1479,10696.1,8.5,24.2737,128.24490998445353,12.37,32.16935697733167,12908.108500155386,673.2,796.0,6139.411864624818
1982-01-31,384.1625,44.0577,10192.1,8.6,23.3448,126.6,13.22,32.41298,12946.327,714.4,794.0,6177.509
1982-02-28,374.4575,45.2876,10080.1,8.9,24.0695,125.89479729038189,14.78,32.44246377474137,12988.143774525195,840.5,808.0,6200.940991948811
1982-03-31,329.97727272727275,44.8922,10117.6,9.0,25.8047,125.98630830246987,14.68,32.319515257536445,13042.320448677354,1057.3,891.0,6217.106632355347
1982-04-30,350.33500000000004,44.5935,10255.4,9.3,25.788,127.0,14.94,32.40213,13101.348999999998,877.2,888.0,6238.305
1982-05-31,334.5052631578948,44.5046,10383.1,9.4,27.0755,129.01396801270096,14.45,32.76753815534974,13168.906837114668,1020.2,953.0,6269.0281085352835
1982-06-30,314.9613636363636,44.4258,10459.8,9.6,23.2418,131.74460475862568,14.15,33.35044511943871,13242.188638272708,868.4,913.0,6305.117384195071
1982-07-31,337.8954545454545,44.384,10440.1,9.8,22.8783,134.4,12.59,33.9253,13335.923999999999,827.4,1044.0,6335.185
1982-08-31,363.4130952380953,43.9721,10466.5,9.8,22.0895,136.72500703610743,10.12,34.42840475758747,13449.596790354764,794.0,926.0,6355.623689170463
1982-09-30,438.15,43.8579,10469.8,10.1,22.1236,138.55035098154605,10.31,34.84405925410592,13575.093592633986,891.1,1042.0,6368.312840195949
1982-10-31,422.7857142857143,43.3318,10417.2,10.4,23.6954,139.3,9.71,35.18156,13698.648000000001,840.9,1149.0,6387.267
1982-11-30,415.1136363636364,43.0275,10507.0,10.8,25.8076,138.81550035230356,9.2,35.416227352057916,13808.796548883154,971.5,1229.0,6413.3411146488415
1982-12-31,444.77619047619044,42.8779,10729.0,10.8,24.5949,137.34709842582214,8.95,35.58651357615255,13915.228432104843,839.3,1351.0,6446.969089752099
1983-01-31,481.8375,43.935,10284.0,10.4,26.6297,136.7,8.68,35.82911,14029.136999999999,789.3,1426.0,6479.059
1983-02-28,493.4875,43.91,10157.1,10.4,26.9112,137.09776647915257,8.51,36.13268624339197,14140.742742522314,821.6,1471.0,6505.445835611777
1983-03-31,420.70652173913044,44.323,10234.1,10.3,27.1643,138.679538666515,8.77,36.54106697944845,14270.413341664374,1102.0,1475.0,6531.921211436244
1983-04-30,433.17105263157896,44.8522,10395.4,10.2,29.0716,141.7,8.8,36.87167,14379.127,1012.3,1566.0,6555.688
1983-05-31,437.39250000000004,45.4357,10532.2,10.1,31.38,146.4303156215667,8.63,37.119048448426696,14469.537250148072,1109.9,1669.0,6578.508432712191
1983-06-30,413.14772727272725,45.8074,10664.8,10.1,31.7899,152.0215222633317,8.98,37.26777073592726,14537.47006613204,1205.4,1769.0,6599.524136300914
1983-07-31,422.6452380952381,46.5099,10707.0,9.4,32.3551,155.4,9.37,37.3311,14597.968,1051.7,1795.0,6624.026999999999
1983-08-31,416.20454545454555,46.8646,10760.0,9.5,34.0568,155.76892645848952,9.56,37.30315254742136,14650.349910788525,993.1,1713.0,6652.00695900536
1983-09-30,412.24545454545455,47.7979,10836.5,9.2,34.1286,153.706272647215,9.45,37.20981560957197,14696.459101244038,980.4,1585.0,6682.604899240898
1983-10-31,394.24523809523816,48.3297,10839.4,8.8,32.0309,151.9,9.48,37.17553,14759.298999999999,1126.0,1716.0,6719.191
1983-11-30,381.015909090909,48.5227,11001.5,8.5,31.4496,150.91245649252696,9.34,37.22312426933429,14837.95997374654,1050.2,1668.0,6759.61477037638
1983-12-31,388.06,48.6894,11262.3,8.3,32.4084,150.6308229497866,9.47,37.3431408382099,14935.17475835077,1054.0,1627.0,6806.317246609076
1984-01-31,370.73452380952375,49.5933,10826.5,8.0,28.729,150.8,9.56,37.45447,15032.54,1056.9,1816.0,6856.41
1984-02-29,386.0380952380953,50.1113,10735.9,7.8,29.3999,151.3179901525888,9.59,37.537741936533116,15121.173058227727,1158.9,1987.0,6906.078696471186
1984-03-31,394.7431818181818,50.3435,10813.9,7.8,30.8588,152.18484491163034,9.91,37.613312779446545,15215.570272618677,1351.5,1725.0,6962.128733586538
1984-04-30,381.371052631579,50.6151,10986.3,7.7,30.7637,152.9,10.29,37.72687,15320.316,1245.8,1776.0,7019.004
1984-05-31,376.95714285714286,50.7352,11120.7,7.4,32.4164,153.4299003086496,10.32,37.89607656358905,15444.977284795112,1451.7,1741.0,7080.444460036137
1984-06-30,378.3142857142857,50.9641,11269.4,7.2,34.4384,153.86242095886587,11.06,38.1220218702982,15578.126806906983,1315.9,1814.0,7140.796440090074
1984-07-31,347.6068181818182,51.1994,11294.9,7.5,33.4115,155.0,11.23,38.49586,15707.19,1237.2,1605.0,7193.374
1984-08-31,347.67727272727274,51.2696,11341.3,7.5,33.0015,156.96774076145093,11.64,39.02496997811592,15824.033984208927,1129.6,1530.0,7234.23025507097
1984-09-30,340.945,51.1514,11391.2,7.3,32.0728,159.41109030384683,11.3,39.638700185957084,15929.491612227808,1053.4,1523.0,7264.28135378529
1984-10-31,340.2173913043478,51.3382,11424.0,7.4,33.6899,160.9,9.99,40.08547,16056.053,1266.5,1490.0,7296.134
1984-11-30,341.28636363636366,51.5145,11659.5,7.2,33.2314,161.08707091842427,9.43,40.29030437374932,16199.570015682537,1141.1,1643.0,7329.406215058275
1984-12-31,319.62222222222226,51.6949,11865.7,7.3,33.3751,160.3499597133273,8.38,40.31330062927119,16366.178059896289,1074.8,1626.0,7365.92174012824
1985-01-31,302.85227272727275,51.4962,11360.9,7.3,33.9086,161.0,8.35,40.44121,16529.467,1196.6,1660.0,7402.0869999999995
1985-02-28,300.33250000000004,51.2861,11256.2,7.2,33.749,163.13655029250214,8.5,40.69233349671403,16670.744247493174,1210.6,1662.0,7434.065628024007
1985-03-31,303.2047619047619,51.6954,11379.8,7.2,34.5591,166.81578246843478,8.58,41.08170937433174,16818.05594729234,1391.0,1727.0,7468.537717662101
1985-04-30,324.8825,51.4761,11545.2,7.3,32.0938,169.1,8.27,41.319829999999996,16937.14,1380.3,1664.0,7499.852
1985-05-31,316.3952380952381,51.5792,11722.3,7.2,33.2162,169.62137930314898,7.97,41.372362231809745,17033.0509155767,1498.9,1709.0,7529.8727650989495
1985-06-30,316.2975,51.6713,11847.3,7.4,32.9266,168.8258748970428,7.53,41.30585110118215,17109.327613511756,1332.9,1716.0,7559.140390363252
1985-07-31,317.20217391304345,51.362,11824.0,7.4,34.3701,169.7,7.88,41.559090000000005,17232.701,1337.6,1697.0,7605.306
1985-08-31,330.1309523809524,51.6709,11881.2,7.1,34.1622,172.80177962724903,7.9,42.21302414034969,17411.574628142287,1345.8,1808.0,7670.256767237668
1985-09-30,323.7642857142856,51.7546,11877.0,7.1,38.5276,177.48752435834788,7.92,43.133526667031724,17628.47906451258,1463.5,1916.0,7745.422294188251
1985-10-31,326.0934782608696,51.6228,11866.9,7.1,37.719,181.3,7.99,43.78715,17840.564,1243.2,1743.0,7800.474
1985-11-30,325.54761904761904,51.9762,12027.8,7.0,39.169,183.5562390743019,8.05,44.03787268761096,18025.103838419167,1120.9,1692.0,7826.284135352732
1985-12-31,321.985,52.1894,12262.2,7.0,38.7581,184.51811883944805,8.27,43.97771595711894,18196.91439355263,1198.8,1794.0,7829.378857267159
1986-01-31,345.56136363636364,52.7764,11738.3,6.7,48.8439,184.8,8.14,44.07415,18365.589,1213.8,1847.0,7839.209
1986-02-28,339.05250000000007,52.5177,11616.9,7.2,48.7562,184.57913199146418,7.86,44.36949027052493,18517.702571003407,1182.2,1767.0,7858.576569407118
1986-03-31,346.09473684210525,52.3429,11708.5,7.2,45.8571,183.9530694415035,7.48,44.885570813987584,18681.427394703787,1297.6,1780.0,7890.776157477362
1986-04-30,340.71590909090907,52.4278,11867.0,7.1,48.3445,183.9,6.99,45.30682,18806.648999999998,1390.1,1858.0,7927.181
1986-05-31,342.32500000000005,52.5065,12038.1,7.2,47.1326,184.60399345323003,6.85,45.60764395379449,18895.987590780165,1530.3,1797.0,7969.110179241002
1986-06-30,342.79761904761904,52.3386,12146.9,7.2,50.0823,186.2917056245433,6.92,45.80317527384134,18956.354474712527,1426.5,1790.0,8012.5811642447325
1986-07-31,348.554347826087,52.596,12162.2,7.0,50.0001,190.8,6.56,46.12536,19072.106,1378.0,1780.0,8052.396
1986-08-31,376.28999999999996,52.7786,12227.4,6.9,51.5288,198.40368914363376,6.17,46.60592692181733,19255.417199993368,1344.1,1726.0,8085.680319392844
1986-09-30,418.1522727272728,52.8888,12237.6,7.0,52.907,207.52861272673678,5.89,47.17275678995898,19488.206961092936,1733.6,1686.0,8113.676659107635
1986-10-31,423.86304347826086,53.103,12236.2,7.0,55.2701,211.3,5.85,47.552859999999995,19729.373,1270.6,1675.0,8150.95
1986-11-30,396.98249999999996,53.3482,12394.4,6.9,56.7839,208.2938222807578,6.04,47.672677923369896,19954.422234149242,1119.9,1644.0,8197.09923985023
1986-12-31,391.595238095238,53.8107,12614.4,6.6,58.2814,199.9115707560569,6.91,47.58604099491135,20174.671044174098,1431.1,1903.0,8252.97495341569
1987-01-31,408.5238095238095,53.6536,12074.2,6.6,50.4656,196.4,6.43,47.57835,20358.863999999998,918.9,1690.0,8302.953000000001
1987-02-28,401.0450000000001,54.4452,11973.3,6.6,64.1947,198.98128458949128,6.1,47.68409049078529,20490.63547090328,1148.4,1689.0,8340.848346581475
1987-03-31,408.84772727272724,54.4534,12055.0,6.6,58.9306,207.01823781863436,6.13,47.900852544014654,20606.707866698467,1381.7,1704.0,8375.95368401503
1987-04-30,439.6650000000001,54.7748,12226.7,6.3,63.4994,212.3,6.37,48.04867,20743.936999999998,1385.3,1601.0,8410.634
1987-05-31,461.65000000000003,55.1747,12370.2,6.3,63.8462,213.63735981397963,6.85,48.10493635077017,20922.459458681482,1298.5,1500.0,8448.719259163492
1987-06-30,449.2772727272728,55.3428,12504.1,6.2,64.9828,211.77976067218214,6.73,48.085923678695764,21114.899187827472,1419.6,1522.0,8487.757614407668
1987-07-31,450.33043478260873,55.7812,12504.8,6.1,68.5169,211.9,6.58,48.1165,21233.577999999998,1355.8,1516.0,8530.385
1987-08-31,460.9874999999999,56.1368,12530.9,6.0,72.7421,214.97117569629953,6.73,48.21902510991882,21254.111150178695,1400.6,1511.0,8575.343172716182
1987-09-30,460.12045454545455,56.4611,12513.3,5.9,74.5026,220.00535930562162,7.22,48.378860076458174,21204.141439012234,1300.5,1514.0,8621.335297370753
1987-10-31,465.76363636363635,57.4082,12573.6,6.0,75.7005,222.6,7.29,48.556670000000004,21229.955,1193.2,1447.0,8673.107
1987-11-30,468.1404761904761,57.7166,12757.4,5.8,74.3389,221.8400952308266,6.69,48.73309556085427,21353.49368313778,1110.7,1457.0,8727.583166541124
1987-12-31,487.0785714285714,58.1042,12984.6,5.7,74.8537,218.46454852244338,6.77,48.9114171999843,21568.954638874166,1249.2,1345.0,8787.66680552659
1988-01-31,477.75750000000005,57.9924,12451.8,5.7,89.2337,217.5,6.83,49.03151,21783.979,1122.5,1244.0,8846.949
1988-02-29,442.12380952380954,58.1557,12407.7,5.7,82.9883,219.59365476459527,6.58,49.08240387883147,21970.275109295388,1308.8,1438.0,8900.930357675668
1988-03-31,443.49130434782614,58.3202,12461.2,5.7,82.9366,224.38425224027932,6.58,49.081326679065846,22152.702203476507,1505.0,1525.0,8956.197055075543
1988-04-30,451.557894736842,58.8554,12602.7,5.4,84.3755,227.6,6.87,49.08744,22307.736,1333.5,1429.0,9002.084
1988-05-31,451.32,58.7725,12762.7,5.6,85.3587,228.71567954271228,7.09,49.112765828768,22444.760017478926,1455.4,1444.0,9040.672370269916
1988-06-30,451.6568181818182,58.8916,12906.8,5.4,86.4066,228.1739116941887,7.51,49.15974347137079,22561.793745928506,1483.1,1485.0,9073.737206509371
1988-07-31,437.45238095238096,58.8906,12911.1,5.4,86.1402,229.2,7.75,49.25732,22710.115,1302.8,1439.0,9130.511
1988-08-31,431.06363636363625,58.9298,12954.6,5.6,87.6317,232.37847275614047,8.01,49.40901131719142,22893.47622372699,1317.0,1460.0,9214.741201486964
1988-09-30,413.4386363636364,59.1542,12913.2,5.4,89.4111,236.8107388397743,8.19,49.59138085191965,23097.45882059022,1223.2,1436.0,9321.283708380342
1988-10-31,406.39047619047625,59.4375,12912.6,5.4,89.439,238.4,8.3,49.71548,23292.397,1249.9,1516.0,9450.189
1988-11-30,419.9659090909092,59.617,13107.3,5.3,92.397,236.35069128278658,8.35,49.75734936410717,23458.887638294822,1191.1,1508.0,9592.027857141567
1988-12-31,419.24750000000006,59.8984,13352.3,5.3,98.1094,231.3413339061066,8.76,49.73389145491846,23611.810094707882,1285.2,1501.0,9747.539515325781
1989-01-31,404.4452380952381,60.4296,12863.3,5.4,96.2831,228.6,9.12,49.73276,23769.447999999997,1084.2,1466.0,9856.46
1989-02-28,387.97249999999997,59.8019,12756.1,5.2,97.5944,228.87053427872888,9.36,49.76472809092945,23919.580266094665,1127.3,1383.0,9906.269249722587
1989-03-31,390.2738095238095,59.7103,12841.1,5.0,101.3212,231.50102781782874,9.85,49.83078645650473,24095.190857960883,1337.6,1214.0,9914.584320845015
1989-04-30,384.71999999999997,59.8829,12948.1,5.2,103.4502,231.8,9.84,49.8876,24279.777000000002,1354.8,1376.0,9920.563
1989-05-31,371.34999999999997,59.3188,13096.7,5.2,111.8518,228.86816717317265,9.81,49.93136880144416,24486.69687399762,1438.4,1381.0,9933.59510261549
1989-06-30,367.72727272727275,59.4684,13213.2,5.3,114.8592,223.70479622146206,9.53,49.980323919100904,24698.798948045664,1329.2,1322.0,9951.509602494394
1989-07-31,375.2095238095238,58.7731,13187.1,5.2,122.6994,221.1,9.24,50.171170000000004,24906.127999999997,1279.1,1283.0,9967.07
1989-08-31,365.5477272727273,59.3324,13228.1,5.2,124.3889,222.12149977745116,8.99,50.5266878840127,25097.42681718005,1441.9,1334.0,9978.233642842579
1989-09-30,361.7976190476191,59.195,13157.1,5.3,126.5501,225.7206225756953,9.02,50.992866046875,25263.536940393555,1263.8,1314.0,9985.520253871286
1989-10-31,366.8,59.0825,13146.9,5.3,126.9345,226.8,8.84,51.38111,25391.735,1116.9,1365.0,9993.658000000001
1989-11-30,394.36136363636365,59.2,13365.7,5.4,130.8807,224.44785262973096,8.55,51.631710854143336,25469.995307709665,1047.6,1344.0,10002.791247109759
1989-12-31,409.6552631578947,59.2547,13537.2,5.4,132.1157,219.45379346614288,8.45,51.7835913639213,25514.100417154383,1011.9,1422.0,10013.191403578461
1990-01-31,410.1181818181818,59.1036,13255.8,5.4,136.5371,217.9,8.23,51.96856,25588.33,1161.3,1748.0,10022.414
1990-02-28,416.5425,59.9806,12966.3,5.3,129.6692,220.3791041785839,8.24,52.18579443612772,25691.600878931393,1073.4,1329.0,10029.401917599398
1990-03-31,393.66136363636366,60.3056,12938.2,5.2,123.2674,226.66434414577645,8.28,52.47371025347284,25831.566822208973,1295.2,1246.0,10037.274176111236
1990-04-30,374.92894736842106,60.128,13012.3,5.4,133.7227,231.4,8.26,52.7473,25899.29,1226.3,1136.0,10055.488000000001
1990-05-31,368.85476190476186,60.2545,13108.3,5.4,126.9992,233.92025974238945,8.18,53.01426953262869,25880.540887004372,1332.1,1067.0,10087.357444435896
1990-06-30,352.65714285714284,60.4462,13182.8,5.2,129.0601,234.33513291860507,8.29,53.285067586271175,25799.310828687776,1306.1,1108.0,10128.657883366754
1990-07-31,361.8204545454546,60.3271,13170.1,5.5,124.1826,234.4,8.15,53.753130000000006,25794.57,1244.4,1078.0,10168.399
1990-08-31,394.86136363636365,60.5285,13159.5,5.7,126.389,234.38137914780117,8.13,54.441579802243616,25894.25141540993,1196.9,1069.0,10202.878429830245
1990-09-30,389.56000000000006,60.5278,13113.4,5.9,127.4238,234.39009755773424,8.2,55.274739030284486,26079.46510306328,1144.8,976.0,10231.298999462535
1990-10-31,381.33260869565214,60.0276,13185.2,5.9,125.4779,235.1,8.11,56.03613000000001,26294.896,1169.0,925.0,10255.956
1990-11-30,381.86590909090916,59.3613,13461.9,6.2,126.5042,236.57151653943544,7.81,56.63371004900446,26515.969255589647,1000.5,941.0,10275.32186335307
1990-12-31,378.16052631578947,58.9058,13673.1,6.3,123.2126,238.7902552699609,7.31,57.10538735773083,26746.071572308683,987.2,861.0,10290.901411445931
1991-01-31,384.59090909090907,58.4688,13068.3,6.4,119.7028,241.0,6.91,57.41652,26905.347,839.3,786.0,10303.341999999999
1991-02-28,363.74750000000006,58.0592,12744.2,6.6,123.0472,242.87815603716837,6.25,57.557663555029464,26977.230305995654,927.5,853.0,10312.089707584131
1991-03-31,363.39,57.6839,12684.5,6.8,122.6393,244.92455560014454,6.12,57.595166697735024,26990.050157596586,1103.1,911.0,10318.84813361232
1991-04-30,358.05476190476185,57.892,12687.0,6.7,122.5835,247.5,5.91,57.745509999999996,27019.025,1059.6,916.0,10321.358
1991-05-31,357.1166666666667,58.3074,12780.6,6.9,125.5709,250.90226895391987,5.78,58.065466467844054,27082.82303607771,1174.0,991.0,10319.56532286558
1991-06-30,366.36,58.9545,12859.0,6.9,131.8668,254.78467849958383,5.9,58.521386742995176,27180.71336183728,1175.3,964.0,10312.901542922378
1991-07-31,368.0130434782609,59.1819,12849.1,6.8,125.9421,258.6,5.82,59.06123,27340.676,1185.2,973.0,10296.586
1991-08-31,356.72142857142853,59.2815,12871.3,6.9,129.6219,262.0820218385114,5.66,59.657264636568925,27563.96730475993,1063.0,944.0,10269.96762226971
1991-09-30,348.4595238095238,59.9636,12823.0,6.9,126.6757,264.97907061407625,5.45,60.25480347915493,27821.500332607768,1062.2,974.0,10238.774083923367
1991-10-31,358.82608695652175,59.846,12885.6,7.0,131.9536,266.5,5.21,60.685990000000004,28010.96,1047.6,991.0,10228.659
1991-11-30,359.95952380952383,59.7398,13150.8,7.0,134.0358,266.3913814137827,4.81,60.890235165932964,28101.270445355214,932.1,984.0,10244.650809615963
1991-12-31,361.87499999999994,59.6458,13391.1,7.3,133.2899,265.13078439440824,4.43,60.91820763727371,28111.553791381884,961.5,1061.0,10282.293443140434
1992-01-31,354.4363636363637,59.2972,12788.6,7.3,138.6093,265.8,4.03,60.996790000000004,28121.131,867.8,1077.0,10306.124
1992-02-29,353.8525,59.8786,12586.1,7.4,143.7519,268.6724868282985,4.06,61.15428531951375,28142.94602209508,988.5,1146.0,10310.224865599535
1992-03-31,344.64090909090913,60.5043,12547.8,7.4,145.0034,273.5997232837527,3.98,61.39339833822348,28182.355299999123,1128.4,1082.0,10297.772433999124
1992-04-30,338.7275000000001,60.8433,12636.3,7.4,146.9207,276.9,3.73,61.57938000000001,28250.522,1144.9,1054.0,10284.948
1992-05-31,337.03947368421046,61.2039,12740.4,7.6,148.8136,278.17355751865244,3.82,61.702989971254354,28354.66147225067,1169.7,1056.0,10273.867063117652
1992-06-30,340.78409090909093,61.3837,12825.1,7.8,142.74,277.90835154233497,3.76,61.77276675337563,28489.027601367205,1297.0,1057.0,10264.889632629687
1992-07-31,352.4521739130434,61.9549,12804.9,7.7,145.0931,279.7,3.25,61.898019999999995,28668.742000000002,1158.2,1089.0,10255.168
1992-08-31,343.6025000000001,61.712,12810.6,7.6,141.8259,284.18998944700775,3.3,62.0946386562362,28891.017241302867,1065.2,1075.0,10244.621387241788
1992-09-30,345.29999999999995,61.7623,12783.9,7.6,144.7746,290.4765377241042,3.22,62.33506921151926,29134.74728567935,1095.4,1114.0,10235.86880655995
1992-10-31,344.27727272727276,62.189,12890.4,7.3,140.9868,295.0,3.1,62.52256,29340.77,1132.2,1132.0,10242.519
1992-11-30,334.92380952380944,62.4617,13147.6,7.4,141.2312,296.8407571719048,3.09,62.627219902684345,29483.89497729618,988.6,1118.0,10266.382232550714
1992-12-31,334.65714285714284,62.3824,13411.8,7.4,130.6014,296.73421795424946,2.92,62.683925855580576,29581.480401475394,1070.7,1176.0,10306.701534626878
1993-01-31,328.9925,62.9777,12849.3,7.3,142.0965,298.5,3.02,62.866569999999996,29677.862999999998,915.3,1177.0,10347.94
1993-02-28,329.31,63.1205,12701.7,7.1,147.5132,302.30337818886943,3.03,63.16706972970189,29771.528515706712,976.1,1148.0,10383.6816184315
1993-03-31,329.9739130434782,62.9613,12654.3,7.0,137.9881,308.4553487711359,3.07,63.61245673332535,29883.708821273405,1228.9,1056.0,10421.532858598686
1993-04-30,341.9475,63.3304,12745.3,7.1,142.6766,313.1,2.96,63.915240000000004,30008.241,1273.5,1104.0,10456.104
1993-05-31,367.0447368421053,63.2861,12864.2,7.1,137.6057,315.8943349211512,3.0,64.04722666297226,30154.930160531643,1342.2,1112.0,10489.631869142637
1993-06-30,371.91363636363644,63.1485,12975.0,7.0,140.9843,317.0789245856205,3.04,64.03507850679335,30313.708785863982,1383.1,1130.0,10521.435978875816
1993-07-31,392.034090909091,63.3449,13009.2,6.9,141.6755,319.4,3.06,64.10093,30491.336,1266.9,1174.0,10563.033000000001
1993-08-31,379.7952380952382,63.2551,13048.2,6.8,139.664,323.278066685385,3.03,64.28341691924828,30682.107360927133,1158.8,1230.0,10615.063092082484
1993-09-30,355.56136363636364,63.6841,13048.6,6.7,140.2762,328.146083872369,3.09,64.53763277825696,30871.09497311236,1164.6,1251.0,10672.92257697369
1993-10-31,364.00476190476195,64.2618,13175.2,6.8,142.1111,332.0,2.99,64.66861,31019.278,1182.5,1287.0,10725.094
1993-11-30,373.93863636363636,64.5247,13457.5,6.6,147.8778,334.2237616722324,3.02,64.63446159491473,31108.951433959297,1140.9,1357.0,10765.785572596651
1993-12-31,383.24285714285713,64.929,13755.5,6.5,151.3316,335.3031260554014,2.96,64.45893264975179,31154.844374516655,1152.7,1461.0,10800.269479886954
1994-01-31,387.10999999999996,65.0425,13152.8,6.6,146.0897,337.3,3.05,64.30709,31209.102000000003,1045.5,1390.0,10843.415
1994-02-28,381.6575,65.1383,13014.9,6.6,144.5627,340.22230955806265,3.25,64.21574839709854,31273.856376427768,1170.9,1269.0,10892.332952072855
1994-03-31,384.0,66.0163,13051.4,6.5,149.4748,344.4132994795091,3.34,64.15895050352061,31364.070902873318,1472.2,1342.0,10955.360320930813
1994-04-30,377.9078947368421,66.598,13165.3,6.4,141.5141,347.6,3.56,64.10716,31476.922000000002,1337.9,1392.0,11011.389
1994-05-31,381.3425,67.0655,13295.0,6.1,142.4071,349.6284508335633,4.01,64.04865745016689,31621.34121378376,1382.1,1396.0,11061.376140550025
1994-06-30,385.7136363636364,67.2836,13428.9,6.1,155.6435,350.70089381958155,4.25,63.997107932435824,31781.24945600518,1479.6,1357.0,11104.999692802114
1994-07-31,385.45000000000005,67.5994,13485.9,6.1,140.3225,353.0,4.26,64.01176,31924.452999999998,1219.5,1335.0,11163.566
1994-08-31,380.2068181818182,68.11,13549.4,6.0,138.653,356.85940060397365,4.47,64.10583336990396,32038.15868893049,1329.3,1377.0,11238.890935456322
1994-09-30,391.34772727272724,68.4357,13581.4,5.9,138.1995,361.6003977703472,4.73,64.25792357936757,32128.801446915557,1252.1,1412.0,11323.915346277394
1994-10-31,390.16428571428565,69.1652,13726.3,5.8,132.7996,364.5,4.76,64.38584,32257.505,1291.8,1397.0,11400.052
1994-11-30,384.37727272727267,69.7038,14096.8,5.6,128.6861,364.891621423419,5.29,64.46676176558243,32424.656774625983,1197.9,1340.0,11458.561720180229
1994-12-31,379.47999999999996,70.5043,14380.3,5.5,130.3321,363.3888273088078,5.45,64.52334442406193,32636.3983048455,1218.9,1396.0,11506.560338229174
1995-01-31,378.7380952380953,70.6387,13775.2,5.6,132.4215,363.7,5.53,64.66271,32855.845,1031.5,1282.0,11562.431999999999
1995-02-28,376.745,70.4169,13579.5,5.4,135.4439,366.11470274708125,5.92,64.87662233304604,33055.78607518089,1128.7,1254.0,11622.808045972432
1995-03-31,381.81956521739124,70.6021,13539.2,5.4,132.5136,370.5359311820886,5.98,65.1770491010484,33279.99897954186,1403.3,1226.0,11699.179975720628
1995-04-30,391.33888888888896,70.4978,13654.1,5.8,135.6868,372.6,6.05,65.31294,33505.848,1216.0,1259.0,11773.292
1995-05-31,385.23095238095243,70.6342,13757.5,5.6,134.2587,371.64888252753485,6.01,65.24949571961523,33749.59778082567,1427.5,1271.0,11848.212222986975
1995-06-30,387.6181818181818,70.9778,13874.5,5.6,134.4045,368.4962613751976,6.0,65.01414144940405,33995.491987775385,1477.2,1305.0,11920.069935095515
1995-07-31,386.1380952380953,70.5183,13878.2,5.7,135.5915,367.7,5.85,64.73906,34259.73,1255.3,1354.0,11999.758
1995-08-31,383.5022727272728,71.3402,13908.2,5.7,137.5286,370.19567912082874,5.74,64.4560788429045,34534.2496162611,1365.2,1386.0,12085.981519481382
1995-09-30,382.93095238095236,71.9957,13894.0,5.6,136.3817,375.0520793322259,5.8,64.20731052475588,34806.143264845545,1214.4,1421.0,12173.980996150012
1995-10-31,383.20227272727277,71.9761,14006.1,5.5,137.8598,378.2,5.76,64.18281999999999,35070.975,1226.0,1400.0,12259.069
1995-11-30,385.20909090909095,72.0518,14347.0,5.6,147.4589,378.74321051594654,5.8,64.41679329093702,35308.09895064627,1169.1,1430.0,12334.090720192948
1995-12-31,387.44473684210527,72.3734,14588.5,5.6,139.8733,377.2534554480816,5.6,64.85445956557663,35534.36485509838,1202.6,1442.0,12404.399788855062
1996-01-31,398.6954545454546,71.8221,13927.7,5.6,129.624,377.1,5.56,65.04171,35748.214,1050.6,1387.0,12469.627
1996-02-29,404.9190476190476,72.9624,13730.7,5.5,131.1767,378.71782314838555,5.22,64.91769374737396,35938.098205809074,1237.9,1420.0,12526.408126008002
1996-03-31,396.51190476190476,72.8277,13748.1,5.5,134.4293,381.9102637460031,5.31,64.52495528244974,36127.45291705589,1404.4,1437.0,12582.468151666362
1996-04-30,392.87,73.6724,13811.7,5.6,135.2204,383.9,5.22,64.2497,36280.628,1359.3,1463.0,12631.511
1996-05-31,391.99047619047604,74.2509,13993.7,5.6,140.4382,384.34203145205754,5.24,64.14144617977598,36404.70000246134,1522.9,1457.0,12676.684571860082
1996-06-30,385.245,75.0801,14107.5,5.3,136.8526,383.5776850009606,5.27,64.18627427001934,36505.790105729284,1404.2,1429.0,12717.032247479197
1996-07-31,383.45652173913044,75.3099,14136.0,5.5,146.4752,383.9,5.4,64.25469,36680.164,1317.3,1450.0,12767.652
1996-08-31,387.5095238095238,75.6905,14167.3,5.1,148.5686,385.74112482239514,5.22,64.32360672240091,36940.4341257494,1333.4,1413.0,12829.401483048921
1996-09-30,383.2904761904762,76.3588,14153.5,5.2,147.0612,388.6607392099663,5.3,64.38931952737803,37251.837357844284,1231.4,1392.0,12904.12067656318
1996-10-31,380.9086956521739,76.2262,14327.7,5.2,148.9527,390.9,5.24,64.44697,37494.082,1296.6,1358.0,13024.453000000001
1996-11-30,377.8690476190476,76.8844,14692.0,5.4,140.2443,392.0062101938235,5.31,64.49138094607645,37629.28362919846,1146.4,1412.0,13186.999721044509
1996-12-31,369.3375,77.552,14956.2,5.4,146.1912,392.4905829528516,5.29,64.50388360824549,37700.43265126928,1151.8,1411.0,13387.836996544387
1997-01-31,355.02500000000003,77.5975,14227.1,5.3,161.9214,395.1,5.25,64.34428,37918.945,1114.6,1382.0,13527.796
1997-02-28,346.4000000000001,78.6953,14023.4,5.2,149.8888,399.71123090144863,5.19,64.03104045845218,38276.20049238853,1177.4,1445.0,13587.449668053312
1997-03-31,352.3105263157894,79.5234,14039.9,5.2,156.7722,406.6471558757966,5.39,63.53060364804151,38821.631855028,1425.9,1436.0,13593.656798043505
1997-04-30,344.70681818181816,79.3662,14118.7,5.1,151.8532,410.9,5.51,63.109069999999996,39324.505,1310.3,1421.0,13630.586000000001
1997-05-31,344.1,79.9622,14241.9,4.9,155.7744,411.89187466970066,5.5,62.78179552322949,39783.22484916044,1435.8,1414.0,13718.925880368526
1997-06-30,340.80476190476185,80.4694,14339.3,5.0,156.8235,410.41527654458736,5.56,62.57285597985552,40165.26838836309,1355.0,1402.0,13846.367623198006
1997-07-31,323.78043478260867,80.9998,14354.7,4.9,158.4099,411.8,5.52,62.48709,40477.547,1376.6,1440.0,13979.518
1997-08-31,323.9975,82.0621,14392.0,4.8,154.8776,417.0425257846473,5.54,62.536705801302446,40702.89805065542,1348.2,1449.0,14107.211148409184
1997-09-30,322.6159090909091,82.7651,14359.5,4.9,155.3775,424.9466305029945,5.54,62.686048938058626,40872.09557192699,1238.5,1494.0,14229.932964082267
1997-10-31,324.85434782608695,83.4751,14533.0,4.7,163.5687,430.7,5.5,62.77032,41211.159,1282.0,1499.0,14383.395
1997-11-30,306.3449999999999,84.4229,14904.1,4.6,163.0588,433.0890001596864,5.52,62.7565085018107,41732.095750680855,1146.1,1469.0,14562.040289038354
1997-12-31,288.7761904761905,84.7854,15176.5,4.7,153.3513,432.813258017786,5.5,62.652110925819066,42427.90624434716,1287.7,1456.0,14767.126925484177
1998-01-31,289.26428571428573,85.5471,14455.8,4.6,155.4686,433.2,5.56,62.50988,43017.242999999995,1044.1,1555.0,14924.993
1998-02-28,297.7425,85.6192,14243.3,4.6,193.9159,434.6471768923253,5.51,62.35712638640334,43417.222377764316,1173.0,1647.0,15016.577969150236
1998-03-31,295.87045454545455,85.4651,14226.1,4.7,158.2081,437.29418393918723,5.49,62.15128901107864,43702.895121505026,1405.5,1605.0,15068.733692905611
1998-04-30,308.5575,85.8713,14322.0,4.3,149.4063,439.8,5.45,61.85196,43753.350999999995,1390.9,1547.0,15116.551000000001
1998-05-31,298.9710526315789,86.3207,14471.8,4.4,157.4607,442.1106240167211,5.49,61.42645773296543,43558.15137852023,1543.9,1554.0,15172.575224317245
1998-06-30,292.22272727272724,85.6107,14568.9,4.5,157.4673,444.09504206182095,5.56,60.93866244127488,43219.5607414607,1606.6,1551.0,15242.293858154202
1998-07-31,292.8739130434782,85.2135,14602.1,4.5,156.7418,446.0,5.54,60.58693,43283.320999999996,1264.9,1610.0,15388.041000000001
1998-08-31,284.22749999999996,87.3819,14617.0,4.5,156.3435,447.7759300101419,5.55,60.42827719441044,43861.67845594645,1265.1,1654.0,15618.260509937836
1998-09-30,288.6613636363637,87.2288,14601.4,4.6,157.8412,449.49998331130064,5.51,60.42956178635009,44804.71734252882,1314.4,1577.0,15901.621296923853
1998-10-31,296.5954545454546,88.0891,14745.6,4.5,152.7366,452.1,5.07,60.40696,45499.529,1407.5,1719.0,16131.138
1998-11-30,294.24285714285713,88.2099,15114.4,4.4,151.2198,455.53650019323896,4.83,60.33291204988039,45794.659919082864,1176.4,1672.0,16272.141857102215
1998-12-31,291.35714285714283,88.7347,15388.3,4.4,151.3915,460.05907508360775,4.68,60.20206538032208,45783.887781343656,1375.0,1742.0,16346.576694896246
1999-01-31,287.3325,89.0222,14705.2,4.3,146.7719,465.7,4.63,60.01334,45925.568,1123.7,1732.0,16428.703
1999-02-28,287.495,89.8085,14567.2,4.4,148.9631,471.7763138924922,4.76,59.79272352968173,46257.0411891838,1325.7,1720.0,16521.759490340533
1999-03-31,286.2434782608696,89.726,14574.9,4.2,143.7972,479.2355906153878,4.81,59.49907677926455,46791.937155652915,1580.2,1665.0,16644.222870818652
1999-04-30,282.62000000000006,90.1186,14695.9,4.3,150.7445,484.9,4.74,59.205059999999996,47107.332,1451.7,1600.0,16772.74
1999-05-31,276.93157894736834,90.9226,14828.0,4.2,148.9031,488.6881404186373,4.74,58.899017199499696,47149.92531890047,1632.6,1640.0,16913.98300864506
1999-06-30,261.4022727272727,90.6341,14931.0,4.3,147.9819,490.2478378538841,4.76,58.614638677689896,47008.13891158778,1651.4,1702.0,17062.708104414327
1999-07-31,256.19772727272726,91.1014,14976.4,4.3,143.9705,489.0,4.99,58.42135,47250.334,1529.0,1682.0,17253.349
1999-08-31,256.9357142857142,91.5614,14991.2,4.2,144.9428,484.7325632781753,5.07,58.344925818272614,47983.362208069084,1523.6,1671.0,17485.6172157585
1999-09-30,264.4704545454545,91.1328,14963.5,4.2,145.1218,478.8422519892053,5.22,58.362273269195924,49072.434933502846,1442.5,1551.0,17737.19408060122
1999-10-31,311.5619047619047,92.5699,15135.6,4.1,147.7745,478.0,5.2,58.34802,50034.664000000004,1396.8,1649.0,17943.515
1999-11-30,293.65,93.1388,15504.9,4.1,153.3965,483.3746726488456,5.42,58.28312134703053,50720.3221953116,1317.2,1672.0,18078.43536573172
1999-12-31,283.7425,93.7921,15812.9,4.0,147.2393,494.04056892543974,5.3,58.134298918854775,51179.97340232903,1440.6,1683.0,18160.831219161704
2000-01-31,284.59,93.9362,15122.9,4.0,160.6795,501.7,5.45,57.71743000000001,51417.685999999994,1239.3,1727.0,18248.393
2000-02-29,300.85476190476186,94.1856,14918.4,4.1,159.2653,504.8209184359066,5.73,57.054970019644486,51444.13885248198,1539.3,1692.0,18345.160551632536
2000-03-31,286.704347826087,94.7846,14944.4,4.0,162.127,504.53102139682164,5.85,56.13147297175837,51315.95765138292,1713.0,1651.0,18471.232464940025
2000-04-30,279.96111111111117,95.5101,15090.0,3.8,158.5165,504.9,6.02,55.485130000000005,51358.402,1538.9,1597.0,18656.338
2000-05-31,275.2928571428571,95.4405,15145.4,4.0,149.8796,506.74574067563947,6.27,55.15924051868413,51634.57760028025,1664.9,1543.0,18920.49905314622
2000-06-30,285.3681818181819,95.626,15240.6,4.0,151.1242,509.5957315908723,6.53,55.116384237632886,52070.91035814676,1662.7,1572.0,19240.744959898606
2000-07-31,282.15238095238095,95.7409,15242.0,4.0,147.7191,511.4,6.54,54.983290000000004,52343.117999999995,1468.6,1542.0,19600.855
2000-08-31,274.52272727272725,95.1187,15272.9,4.1,156.2165,511.67364589705517,6.5,54.69854679885806,52375.16772865462,1578.8,1552.0,19984.406786150535
2000-09-30,273.6761904761905,95.5655,15239.5,3.9,155.7736,510.90187886770735,6.52,54.336592746492826,52209.2585867148,1506.3,1570.0,20356.172077520867
2000-10-31,270.4045454545455,95.3433,15382.9,3.9,144.2026,511.7,6.51,54.24085,52035.474,1367.7,1577.0,20603.193
2000-11-30,265.9886363636364,95.1024,15776.7,3.9,132.6782,514.4372884707069,6.51,54.47548940707199,51896.76319005038,1260.9,1614.0,20687.799198809797
2000-12-31,271.8921052631578,94.5845,16027.7,3.9,147.9945,519.0496587189516,6.4,54.965753191727764,51815.11670048694,1271.2,1543.0,20640.40701590244
2001-01-31,265.9340909090909,94.0393,15288.0,4.2,154.7089,523.9,5.98,55.1304,51995.719000000005,1196.3,1699.0,20614.256
2001-02-28,262.01750000000004,93.5367,15094.4,4.2,153.1641,528.2443614485707,5.49,54.91083195260829,52414.801041724786,1381.5,1656.0,20633.122441257583
2001-03-31,263.27272727272725,93.3766,15077.0,4.3,142.0541,532.7494532896023,5.31,54.346579258825294,53078.23716837629,1627.8,1659.0,20693.509638025593
2001-04-30,260.75,93.0356,15046.8,4.4,149.466,535.1,4.8,54.037659999999995,53378.47,1377.0,1666.0,20742.838
2001-05-31,272.0571428571428,92.3696,15157.7,4.3,150.0393,535.1105639800932,4.21,54.07559153283685,53226.8365466197,1635.2,1665.0,20774.63327022938
2001-06-30,270.73809523809524,91.737,15248.1,4.5,147.0273,533.4339462939073,3.97,54.41501137863776,52744.313839046445,1652.2,1626.0,20787.539910899322
2001-07-31,267.70681818181816,91.2379,15164.8,4.6,142.6951,534.1,3.77,54.80656,52603.458,1374.6,1598.0,20786.828
2001-08-31,272.65681818181815,90.8605,15189.7,4.9,140.5072,537.8902682770051,3.65,55.19451972415915,52943.00220922078,1478.2,1615.0,20772.567756963384
2001-09-30,282.4775,90.6639,15128.4,5.0,132.0401,544.2383057820356,3.07,55.54587694207259,53650.1148982877,1312.5,1565.0,20749.517272989287
2001-10-31,283.3217391304347,90.1331,15224.1,5.3,147.1245,551.7,2.49,55.75305,54271.992,1753.2,1566.0,20739.27
2001-11-30,276.2477272727273,89.9311,15576.1,5.5,134.4753,559.4993188505873,2.09,55.78200232592904,54689.62909723728,1347.9,1651.0,20746.136620363788
2001-12-31,275.9921052631579,90.1646,15713.9,5.7,138.8596,567.9413702426125,1.82,55.67306992261289,54938.391650716934,1336.1,1680.0,20768.608467705588
2002-01-31,281.7636363636364,90.7311,14985.0,5.7,114.7608,575.4,1.73,55.66835,55049.419,1129.999,1665.0,20794.147
2002-02-28,295.6825,90.7307,14785.9,5.7,125.6751,581.0814469233228,1.74,55.791218473034085,55038.672483520735,1328.755,1787.0,20817.92687278757
2002-03-31,294.35249999999996,91.5183,14813.9,5.7,130.439,586.2784866685039,1.73,56.04300030281472,54905.19749693707,1541.215,1691.0,20843.320944070852
2002-04-30,302.86190476190484,91.7507,14874.5,5.9,143.7597,590.7,1.75,56.24119,54663.081,1471.8010000000002,1669.0,20855.849
2002-05-31,314.4795454545454,92.2593,14960.4,5.8,126.0791,594.7382889179278,1.75,56.366622858896434,54297.927686317635,1538.496,1716.0,20854.115375330424
2002-06-30,321.5361111111112,93.3528,15033.4,5.8,127.5777,598.4613982765133,1.75,56.44133655566768,53895.373186728306,1563.9379999999999,1758.0,20844.999171718442
2002-07-31,313.56739130434784,93.0044,15011.9,5.8,127.9357,604.2,1.73,56.661269999999995,53822.013,1551.996,1738.0,20870.782
2002-08-31,310.04523809523806,93.233,14981.1,5.7,124.502,612.2060951956888,1.74,57.05791741665661,54162.08039385673,1734.9560000000001,1695.0,20939.452297063144
2002-09-30,318.8,93.3635,14907.3,5.7,129.1641,621.5619942248453,1.75,57.55722231070045,54803.30504743342,1250.986,1803.0,21042.619298395213
2002-10-31,316.74782608695654,93.0256,15033.6,5.7,132.443,629.4,1.75,57.85782,55271.837,1331.09,1799.0,21161.032000000003
2002-11-30,319.2547619047619,93.4885,15383.9,5.9,123.3658,634.6635438946225,1.34,57.88751440159182,55455.93743626612,1227.557,1771.0,21282.928165224803
2002-12-31,333.3,92.918,15577.0,6.0,128.3269,638.0432431797075,1.24,57.71589704704823,55446.82665154447,1467.7079999999999,1896.0,21410.522890462267
2003-01-31,356.86363636363643,93.6423,14859.0,5.8,124.9329,641.5,1.24,57.77056999999999,55739.417,1108.279,1808.0,21502.017999999996
2003-02-28,359.575,93.5578,14652.3,5.9,125.1269,645.0206862591812,1.26,58.08057404347677,56340.21641402049,1237.619,1854.0,21547.849418060563
2003-03-31,341.56428571428575,93.7146,14652.4,5.9,115.7969,649.1579838163317,1.25,58.64311487060838,57304.14934342605,1474.819,1757.0,21561.796922555357
2003-04-30,328.2075,92.9569,14725.9,6.0,113.0903,652.1,1.26,58.960440000000006,58059.765999999996,1436.733,1803.0,21564.015
2003-05-31,355.4050000000001,93.061,14826.2,6.1,116.8411,653.7816245829531,1.26,58.96406751038286,58561.85449120954,1601.145,1835.0,21559.77766892306
2003-06-30,356.91190476190485,93.5406,14889.5,6.3,125.9753,654.4177156845788,1.22,58.72109742254933,58833.50772063485,1502.328,1875.0,21551.11010644272
2003-07-31,350.76521739130436,93.8282,14860.5,6.2,126.6818,656.1,1.01,58.64208000000001,59244.492,1538.781,1885.0,21548.537
2003-08-31,358.9925,93.5475,14898.1,6.1,120.4636,659.1636834865186,1.03,58.808653918502415,59846.16304781033,1656.1670000000001,1966.0,21554.291783432323
2003-09-30,378.85909090909087,94.3123,14865.2,6.1,121.4878,663.1752462443812,1.01,59.16180310105016,60599.02654877359,1329.499,1961.0,21573.89994810815
2003-10-31,379.0934782608696,94.4027,15010.3,6.0,121.3702,666.7,1.01,59.4596,61483.824,1333.497,2012.0,21647.391
2003-11-30,390.2,95.3834,15315.2,5.8,116.2349,669.2419730503998,1.0,59.64094486032997,62432.513689583924,1285.36,1918.0,21776.133339949123
2003-12-31,407.6738095238096,95.1734,15505.2,5.7,97.4578,671.2166291553716,0.98,59.732905081735716,63464.20740496557,1463.264,1987.0,21963.766909539743
2004-01-31,414.49523809523805,95.2003,14861.4,5.7,112.9119,674.1,1.0,59.82355,64266.193,1149.6680000000001,1952.0,22175.32
2004-02-29,404.72999999999996,95.9019,14693.8,5.6,108.2992,677.8734009509228,1.01,59.9225837519991,64763.021324501635,1303.718,1966.0,22389.78765688128
2004-03-31,405.9760869565218,95.7359,14775.6,5.8,124.856,682.8566688079279,1.0,60.03233661238665,65066.36653429288,1540.3210000000001,2066.0,22633.48219450484
2004-04-30,404.85,96.1117,14862.8,5.6,105.6895,687.4,1.0,60.07385,65396.817,1455.6429999999998,2070.0,22863.744
2004-05-31,383.95263157894743,96.8749,14987.0,5.6,116.4103,691.5780083043701,1.0,60.037000960140816,65825.4934390358,1660.854,2150.0,23092.20397394377
2004-06-30,391.77954545454554,96.0901,15082.0,5.6,113.117,695.3374660738249,1.03,59.95055699003304,66338.1255669377,1480.7579999999998,2020.0,23304.779975101006
2004-07-31,398.44090909090903,96.9635,15051.3,5.5,111.4776,700.3,1.26,59.976009999999995,67053.728,1589.1729999999998,2112.0,23519.808999999997
2004-08-31,400.1333333333333,97.4053,15054.8,5.4,107.6055,706.5851594789577,1.43,60.1458399268017,67972.31948627095,1463.4089999999999,2056.0,23730.819485774933
2004-09-30,405.40227272727276,97.4501,14996.2,5.4,108.8944,713.3936681079356,1.61,60.4220032743862,68994.07773345406,1470.0810000000001,2041.0,23926.705819083676
2004-10-31,420.2095238095238,98.5564,15154.5,5.5,101.3778,717.8,1.76,60.66032,69803.85,1370.0929999999998,2097.0,24092.063
2004-11-30,439.0590909090908,98.5002,15526.2,5.4,110.7254,718.9866562154142,1.93,60.8197605814904,70288.91904251568,1231.197,2079.0,24211.731645194763
2004-12-31,442.97380952380945,99.2488,15707.1,5.4,109.2032,717.612623577238,2.16,60.91244615192949,70541.20511976707,1583.6029999999998,2082.0,24304.597219565123
2005-01-31,424.08000000000004,99.9993,15051.1,5.3,108.4678,717.3,2.28,60.94141,70921.073,1095.851,2139.0,24435.843999999997
2005-02-28,423.43,100.9049,14911.9,5.4,107.3014,718.4970208589134,2.5,60.91425957444432,71432.10694473788,1286.0739999999998,2114.0,24598.045925596445
2005-03-31,434.35476190476174,100.3947,14955.6,5.2,121.7403,721.3257148773765,2.63,60.827402068465595,72159.28399151865,1615.983,2062.0,24818.333109432948
2005-04-30,429.14047619047614,100.7643,15068.9,5.2,114.4537,724.7,2.79,60.700869999999995,72866.255,1542.0510000000002,2150.0,25023.043999999998
2005-05-31,422.90250000000003,101.0644,15194.5,5.1,106.3725,728.6706976672257,3.0,60.52910920475249,73568.38748564829,1537.3210000000001,2085.0,25215.949313687346
2005-06-30,430.30227272727274,101.2541,15300.1,5.0,107.0381,732.819986408569,3.04,60.35383353591926,74221.0179569597,1720.006,2178.0,25390.02807589363
2005-07-31,424.74523809523805,100.8936,15327.6,5.0,108.6728,736.4,3.26,60.3575,74871.682,1845.713,2203.0,25591.265
2005-08-31,437.77272727272737,101.3754,15348.8,4.9,118.236,739.0910551016293,3.5,60.58115288261624,75498.9037215891,1524.158,2219.0,25819.904789456497
2005-09-30,455.93636363636364,100.3022,15226.4,5.0,114.1511,741.105081481469,3.62,60.96655529929534,76097.95764545188,1366.93,2263.0,26059.464195830915
2005-10-31,470.1071428571428,101.8829,15348.9,5.0,108.8011,744.2,3.78,61.28276999999999,76799.952,1184.16,2170.0,26276.504
2005-11-30,476.6681818181818,102.7324,15741.9,5.0,104.3682,748.4323248887831,4.0,61.46890380803076,77573.98220032202,1200.786,2218.0,26449.225550223295
2005-12-31,509.42249999999996,102.9308,15938.4,4.9,100.3299,753.8146003169829,4.16,61.54320327889466,78421.83827382614,1525.713,2120.0,26598.309318118994
2006-01-31,549.4333333333333,103.7581,15245.6,4.7,104.9596,758.5,4.29,61.534819999999996,79000.305,1176.162,2212.0,26776.067000000003
2006-02-28,555.5175,103.4,15067.2,4.8,110.1329,761.869329978373,4.49,61.46188930063497,79242.53183834012,1298.13,2141.0,26970.231711683467
2006-03-31,557.2152173913043,103.3013,15150.1,4.7,113.7691,764.647272288085,4.59,61.32463646792563,79259.81140500333,1576.6470000000002,2118.0,27216.930714410468
2006-04-30,611.8527777777778,103.8212,15171.3,4.7,111.6042,766.4,4.79,61.23753000000001,79408.557,1489.8039999999999,1998.0,27452.076
2006-05-31,676.7690476190477,103.4292,15253.8,4.6,105.0241,767.247835492798,4.94,61.21529102409815,79775.58427822798,1533.7120000000002,1905.0,27684.248635603974
2006-06-30,597.8977272727273,103.8678,15332.6,4.6,100.0227,767.4383535660177,4.99,61.25639428486037,80313.42303978,1545.2679999999998,1867.0,27895.242892227943
2006-07-31,633.0928571428572,103.612,15326.4,4.7,103.1928,768.9,5.24,61.34482,80907.147,1531.114,1763.0,28078.674
2006-08-31,631.5568181818182,104.3946,15337.2,4.7,101.7515,771.9646283991726,5.25,61.476842539818065,81514.46337802577,1530.014,1722.0,28223.552591330685
2006-09-30,600.15,104.4833,15235.3,4.5,103.446,776.0551874855721,5.25,61.643271222270236,82105.45277894028,1394.215,1655.0,28336.6394475431
2006-10-31,586.6477272727271,104.0797,15386.0,4.4,115.9238,778.9,5.25,61.83716999999999,82658.178,1260.626,1570.0,28486.246
2006-11-30,626.8249999999999,104.1417,15813.5,4.5,112.0277,779.914066979663,5.25,62.04318422473025,83127.30143112881,1236.5839999999998,1535.0,28672.30911152564
2006-12-31,629.5131578947369,105.7484,15982.4,4.4,115.8553,779.6233381557097,5.24,62.24929376904178,83543.5852322304,1476.4129999999998,1638.0,28905.699687636294
2007-01-31,630.3522727272729,105.1816,15342.5,4.6,105.6854,780.9,5.25,62.284,83886.994,1124.2160000000001,1626.0,29171.095
2007-02-28,665.1025000000001,105.6138,15182.0,4.5,112.465,783.8485557655957,5.26,62.14283638245145,84134.03058874654,1285.136,1598.0,29436.81616474381
2007-03-31,655.8909090909091,106.605,15301.0,4.4,93.5818,788.4985602164381,5.26,61.83677387926838,84354.91005096943,1574.8770000000002,1596.0,29752.48335775523
2007-04-30,680.0078947368422,107.3444,15327.3,4.5,105.8592,790.5,5.25,61.65661,84627.462,1365.965,1470.0,30032.238999999998
2007-05-31,668.3095238095239,107.2842,15462.9,4.4,109.0541,789.2064216633867,5.25,61.64370946387346,84992.23045357472,1590.2620000000002,1493.0,30285.25479906677
2007-06-30,655.7142857142858,107.6883,15511.5,4.6,104.5038,785.0113227312452,5.25,61.78184862366908,85391.4407808662,1481.21,1407.0,30498.502842348094
2007-07-31,665.2659090909091,107.8331,15514.4,4.7,98.8109,779.6,5.26,61.97214,85634.694,1331.024,1361.0,30707.087000000003
2007-08-31,664.5295454545454,107.5694,15538.3,4.6,102.4016,773.420272020717,5.02,62.19284502573656,85669.94568160785,1500.386,1321.0,30907.167389946197
2007-09-30,710.6450000000001,108.1094,15440.9,4.7,99.8283,764.7499881643289,4.94,62.45098211114564,85507.5318396772,1335.8139999999999,1261.0,31075.946898973652
2007-10-31,754.4804347826088,107.7768,15529.0,4.7,95.3482,740.6,4.76,62.862590000000004,85146.23800000001,1256.5330000000001,1192.0,31118.52
2007-11-30,808.3113636363636,108.4352,15994.6,4.7,104.1502,700.5700934828676,4.49,63.41670707609566,84610.89023844052,1200.511,1224.0,31015.390086066356
2007-12-31,803.6184210526316,108.5858,16162.0,5.0,99.8557,644.680052630607,4.24,64.08311573686726,83898.46725384942,1414.1470000000002,1149.0,30782.01595426368
2008-01-31,887.7840909090909,108.1717,15464.1,5.0,97.1568,591.2,3.94,64.41587,83232.892,1063.4080000000001,1094.0,30562.428
2008-02-29,924.2833333333334,107.465,15231.2,4.9,92.5968,546.1212528473382,2.98,64.35592052814496,82686.31851493566,1196.431,1014.0,30392.492733748462
2008-03-31,971.0552631578947,107.1702,15284.9,5.1,93.703,504.5458714095224,2.61,64.0119276265827,82167.90342074179,1378.605,967.0,30255.35222333614
2008-04-30,911.6,105.9815,15247.6,5.0,90.4955,478.8,2.28,64.11086999999999,81637.531,1272.999,1008.0,30206.238999999998
2008-05-31,889.125,105.4636,15302.0,5.4,97.905,468.6689073114817,1.98,64.7923832496258,81042.25995126141,1420.485,995.0,30249.36703646626
2008-06-30,889.5357142857143,104.7522,15342.8,5.6,104.8898,472.5709851988485,2.0,65.98287580372511,80396.8479840871,1212.54,1180.0,30350.72006677071
2008-07-31,941.1673913043478,103.4955,15308.5,5.8,107.1886,476.6,2.01,67.57396999999999,79508.399,1156.003,921.0,30319.102000000003
2008-08-31,840.3875,102.2059,15270.9,6.1,97.6915,478.27823200460966,2.0,69.50078723352698,78369.95952314787,1269.113,858.0,30116.09512716368
2008-09-30,824.9204545454545,98.5396,15099.4,6.1,102.0567,477.78990675994146,1.81,71.60189086237973,77096.27954746013,984.592,797.0,29787.01477329698
2008-10-31,812.8152173913044,98.002,15138.1,6.5,106.6824,475.9,0.97,73.48998,76021.12,859.0260000000001,736.0,29503.623
2008-11-30,757.85,95.6481,15351.7,6.8,104.4554,472.85627879402483,0.39,74.96003118596039,75279.90590642732,763.936,626.0,29314.766029089937
2008-12-31,819.9404761904761,92.2691,15424.4,7.3,110.7348,471.5948199881945,0.16,76.15414629515335,74813.97737812757,916.12,554.0,29183.8841029937
2009-01-31,857.7261904761905,89.4332,14688.6,7.8,97.8208,492.3,0.15,77.2997,74593.898,670.466,545.0,28965.209
2009-02-28,939.7625,89.3913,14439.0,8.3,98.7155,532.9520064141711,0.22,78.33577994470642,74597.38751830584,701.635,558.0,28668.795262786196
2009-03-31,925.9886363636364,87.807,14410.6,8.7,102.593,598.3174438933746,0.18,79.46756310268104,74816.18821491156,872.8480000000001,513.0,28252.66610022829
2009-04-30,892.6625,87.2371,14399.6,9.0,103.3105,656.5,0.15,80.4389,75184.898,832.5880000000001,521.0,27900.897
2009-05-31,926.8552631578947,86.3136,14495.4,9.4,99.0684,706.2707786442343,0.18,81.29274032800271,75716.43645686249,938.41,556.0,27617.929123099697
2009-06-30,947.8068181818181,86.0265,14543.5,9.5,95.6117,743.9628977605099,0.21,81.98064882975635,76328.69531196856,874.8739999999999,601.0,27425.109095538606
2009-07-31,934.2717391304348,87.4112,14489.3,9.5,92.5762,769.2,0.16,82.59064000000001,76759.448,1011.7689999999999,595.0,27329.17
2009-08-31,949.5,88.4647,14495.3,9.6,97.8809,780.0221221552457,0.16,83.10511590965898,76934.7565061461,1274.678,616.0,27341.47875895782
2009-09-30,996.4431818181819,89.2561,14367.5,9.8,94.1269,778.6174461697524,0.15,83.54652573033714,76916.88144024849,759.633,609.0,27435.686929486077
2009-10-31,1043.5113636363637,89.3968,14413.0,10.0,94.3044,776.6,0.12,84.16278,77057.572,853.942,583.0,27486.44
2009-11-30,1126.1190476190477,90.3186,14729.7,9.9,93.398,775.9472250748859,0.12,84.94859353696677,77403.43980108947,761.865,623.0,27469.693671655434
2009-12-31,1135.0119047619048,90.1551,14863.7,9.9,86.7104,776.408370400559,0.12,85.91412957650064,77908.60982962178,1049.27,664.0,27409.01697168479
2010-01-31,1119.575,91.2764,14290.5,9.8,104.6904,776.7,0.11,86.76598,78123.629,712.4689999999999,636.0,27461.949
2010-02-28,1095.8,91.3081,14123.0,9.8,101.3311,776.6150429993411,0.13,87.39638502822078,78001.03650883987,793.362,650.0,27631.548692965374
2010-03-31,1115.554347826087,92.4616,14209.3,9.9,100.993,776.3173689256472,0.16,87.95474025430373,77609.18550188484,1083.953,687.0,27934.986994078
2010-04-30,1148.475,93.3099,14269.1,9.9,100.5754,777.0,0.2,88.44771,77584.054,997.334,637.0,28220.703999999998
2010-05-31,1204.3210526315788,94.6419,14380.1,9.6,93.313,778.9442109986362,0.2,88.92668719647548,78046.49262107884,1117.57,575.0,28482.92213382349
2010-06-30,1232.3818181818183,94.5285,14441.8,9.4,100.8596,784.7098492047843,0.18,89.37701586136657,78878.33243245188,1000.455,587.0,28668.80430485756
2010-07-31,1196.0,95.1146,14445.1,9.4,106.7944,811.7,0.18,89.93168,79575.187,1065.748,579.0,28563.091
2010-08-31,1213.4642857142858,95.2587,14463.7,9.5,104.0874,862.8875455979917,0.19,90.59419549283973,80013.885872796,1011.564,580.0,28116.978722750948
2010-09-30,1271.4613636363638,95.2835,14361.0,9.5,106.2128,934.1057074970544,0.19,91.31794345433474,80232.57731032414,973.954,563.0,27444.238421609534
2010-10-31,1343.1904761904761,95.3587,14510.5,9.4,96.6795,1021.5,0.19,92.02388,80498.989,965.135,558.0,27026.604
2010-11-30,1371.784090909091,95.3965,14849.9,9.8,97.4601,1118.0747662901213,0.19,92.64637591831186,80835.87583849636,888.085,560.0,26974.1060326598
2010-12-31,1393.5119047619048,95.8656,15008.4,9.3,82.0493,1228.708977646537,0.18,93.18561244381594,81249.9535208206,1162.897,632.0,27232.664851212954
2011-01-31,1360.475,96.0682,14448.6,9.1,106.3954,1340.4,0.17,93.35519000000001,81630.504,836.3660000000001,576.0,27486.052000000003
2011-02-28,1371.3125,96.2263,14282.5,9.0,100.21,1440.6656113840693,0.16,93.15021987141425,81930.01347236134,1007.082,542.0,27661.008421881954
2011-03-31,1422.8478260869565,96.8409,14349.3,9.0,101.012,1547.0018262211886,0.14,92.63635883137684,82172.62787875932,1276.843,583.0,27793.841475613503
2011-04-30,1474.4305555555557,96.279,14489.0,9.1,100.6991,1619.5,0.1,92.5588,82060.148,1173.52,581.0,27853.855
2011-05-31,1512.1875,96.4175,14588.7,9.0,104.8129,1657.827426477732,0.09,93.05426514253394,81533.23481467161,1081.272,618.0,27843.517652849107
2011-06-30,1528.3795454545455,96.5405,14682.3,9.1,101.6522,1663.76849513083,0.09,93.9974241391961,80735.87427147901,1071.229,636.0,27782.03106782472
2011-07-31,1568.5261904761905,97.1629,14718.0,9.0,96.6245,1664.7,0.07,94.85943,80312.011,1086.0639999999999,621.0,27782.765
2011-08-31,1759.5,97.523,14717.5,9.0,98.1789,1664.8096811327587,0.1,95.50893995750474,80410.30348671507,1094.479,647.0,27868.28911748575
2011-09-30,1780.6477272727273,97.8561,14617.2,9.0,98.3869,1664.2156524998218,0.08,95.95673397561853,80951.33414664953,1076.037,610.0,28021.91228499229
2011-10-31,1667.892857142857,98.3927,14751.7,8.8,98.6854,1663.4,0.07,96.36931,81646.342,1048.258,671.0,28191.299
2011-11-30,1735.9772727272727,98.1202,15142.3,8.6,95.5807,1662.4976603701161,0.08,96.74161062059193,82399.23489889619,1028.774,706.0,28355.647429857956
2011-12-31,1652.725,98.8168,15296.7,8.5,97.9,1661.5356049931113,0.07,97.09776057514561,83204.06433964455,1268.462,697.0,28521.643277987117
2012-01-31,1656.095238095238,99.7093,14734.5,8.3,103.3864,1661.1,0.08,97.42044,83677.54,938.17,712.0,28656.463
2012-02-29,1743.095238095238,100.038,14520.3,8.3,101.3439,1661.258842261065,0.1,97.69128410429514,83762.66420941637,1175.82,738.0,28749.961563821387
2012-03-31,1675.0568181818182,99.586,14580.3,8.2,98.2955,1661.6473887448203,0.13,97.94729116654146,83567.96043040516,1434.004,806.0,28826.107943650368
2012-04-30,1648.5394736842106,100.1877,14670.4,8.2,98.954,1659.9,0.14,98.15989,83683.823,1204.471,732.0,28943.353
2012-05-31,1585.1136363636363,99.8458,14775.5,8.2,98.1488,1655.4602590388527,0.16,98.3428447961524,84228.09271713067,1369.493,796.0,29122.11125158491
2012-06-30,1595.6315789473683,100.1427,14815.9,8.2,100.9721,1649.2944231680333,0.16,98.50900361036257,85080.08551960628,1310.1580000000001,794.0,29332.36001057347
2012-07-31,1592.784090909091,100.0497,14807.7,8.2,99.4651,1645.3,0.16,98.82568,85754.278,1171.809,849.0,29470.931
2012-08-31,1625.6818181818182,99.8597,14815.2,8.1,95.7604,1644.4354829059457,0.13,99.31560294753146,86129.0183080263,1305.3419999999999,840.0,29510.10654830165
2012-09-30,1741.925,99.8234,14738.9,7.8,96.5395,1648.0917074527192,0.14,99.91916451862049,86288.00361189267,1206.182,930.0,29474.60407809612
2012-10-31,1746.3478260869565,99.4857,14877.7,7.8,103.3996,1666.1,0.16,100.45154000000001,86758.056,1119.1480000000001,887.0,29496.566000000003
2012-11-30,1724.3522727272727,100.2198,15363.0,7.7,104.6564,1698.8113017458086,0.16,100.84287137740753,87590.30125820125,1169.803,917.0,29595.798823569152
2012-12-31,1687.342105263158,101.0522,15462.5,7.9,99.0783,1746.4866648188647,0.16,101.11417583273494,88750.79816395263,1375.0839999999998,941.0,29768.972034554907
2013-01-31,1671.8863636363637,100.7283,14858.2,8.0,97.8017,1796.0,0.14,101.21783,89645.485,1065.798,940.0,29950.4
2013-02-28,1630.6875,101.2369,14672.3,7.7,98.9136,1840.4241374245744,0.15,101.1623944006407,90137.66789089353,1217.858,980.0,30111.63888920038
2013-03-31,1591.0125,101.159,14711.7,7.5,99.1332,1889.3181021815367,0.14,100.94147177737806,90404.2561790886,1479.4270000000001,936.0,30293.738528950034
2013-04-30,1485.904761904762,100.7622,14808.6,7.6,99.9354,1936.6,0.15,100.6034,90844.58099999999,1313.7679999999998,1012.0,30515.468999999997
2013-05-31,1416.142857142857,101.0469,14932.3,7.5,99.5938,1985.4731922865344,0.11,100.13273926143219,91580.50611784981,1473.275,1003.0,30800.027333607773
2013-06-30,1342.7,101.3055,15045.2,7.5,97.2092,2031.7862945652253,0.09,99.61272400438781,92521.95207987535,1425.8020000000001,942.0,31119.178750923584
2013-07-31,1284.3478260869565,100.2932,15097.3,7.3,98.404,2072.3,0.09,99.34376,93461.69,1335.8329999999999,997.0,31431.607000000004
2013-08-31,1345.047619047619,101.195,15131.7,7.2,99.0137,2104.30169691557,0.08,99.40310798642643,94323.05382112028,1527.483,964.0,31716.0164007809
2013-09-30,1348.4642857142858,101.2834,15052.6,7.2,96.5252,2134.2250101583704,0.08,99.7676834491482,95079.04925933958,1152.8139999999999,1004.0,31956.556869950484
2013-10-31,1314.4021739130435,101.4163,15212.3,7.2,95.0186,2208.8,0.09,100.42721999999999,95761.317,1235.532,1044.0,32118.456000000002
2013-11-30,1277.4166666666667,101.4165,15655.3,6.9,96.3467,2330.273871767974,0.08,101.3337120766001,96322.87989758115,1271.4460000000001,1029.0,32183.251926489356
2013-12-31,1221.5875,101.3819,15839.4,6.7,96.8031,2493.9425197208448,0.09,102.42643183191385,96827.11331304743,1383.6760000000002,1005.0,32177.475361131532
2014-01-31,1243.0681818181818,100.1818,15170.7,6.6,95.1042,2614.6,0.07,102.90374,97419.744,1043.019,976.0,32239.659
2014-02-28,1298.7125,101.2442,14951.8,6.7,93.8141,2674.091935410447,0.07,102.6874093022628,98056.36842729061,1221.37,1039.0,32375.959216473573
2014-03-31,1336.5595238095239,102.136,15015.4,6.7,91.8105,2692.050604111101,0.08,101.84332155149862,98829.2903409117,1562.7479999999998,1067.0,32602.64128566202
2014-04-30,1299.175,101.9852,15137.0,6.2,92.1915,2705.9,0.09,101.14551999999999,99360.84599999999,1408.2320000000002,1090.0,32814.352
2014-05-31,1288.9125,102.2936,15238.9,6.3,91.5547,2725.477426653207,0.09,100.69282058199295,99629.34750433307,1644.3670000000002,1018.0,33008.4470902342
2014-06-30,1277.857142857143,102.6556,15354.6,6.1,88.4374,2748.208739992189,0.1,100.51224407856083,99681.51143727235,1451.8139999999999,1010.0,33177.96633427978
2014-07-31,1312.9891304347825,103.147,15389.2,6.2,97.4556,2767.3,0.09,100.5779,99926.68199999999,1473.9620000000002,1076.0,33369.462
2014-08-31,1297.0049999999999,102.6082,15380.4,6.1,91.8039,2780.544405014947,0.09,100.89764732410728,100433.51465416039,1607.315,1047.0,33583.3927452426
2014-09-30,1241.3295454545455,102.6413,15298.8,5.9,90.102,2788.205680395913,0.09,101.38143435629843,101138.4813990593,1272.036,1077.0,33812.74994123893
2014-10-31,1223.5652173913043,102.5636,15481.6,5.7,81.6224,2793.4,0.09,101.63324,101868.95300000001,1312.329,1094.0,34078.948
2014-11-30,1176.4125,103.4288,15894.3,5.8,84.893,2796.2033403935193,0.09,101.56924400876571,102543.14862509846,1324.1170000000002,1059.0,34365.77911181789
2014-12-31,1200.4404761904761,103.1127,16048.1,5.6,89.6342,2797.061336422504,0.12,101.22215727892267,103195.69285504491,1538.5339999999999,1070.0,34685.653134543696
2015-01-31,1249.3333333333333,102.677,15421.1,5.7,90.4451,2797.5,0.11,100.82571999999999,103737.45300000001,1177.91,1048.0,34986.516
2015-02-28,1231.1,101.957,15244.9,5.5,88.6214,2797.788825742453,0.11,100.46139150388962,104121.46931992208,1285.147,1127.0,35235.35843561787
2015-03-31,1180.6363636363637,102.263,15311.7,5.4,84.8382,2798.0358747481278,0.11,100.04686547472504,104410.2967600762,1579.6270000000002,1078.0,35486.452969361664
2015-04-30,1198.2525,102.1316,15401.8,5.4,85.5672,2798.5,0.12,99.60722,104426.10800000001,1479.335,1161.0,35711.147000000004
2015-05-31,1197.6842105263158,102.0859,15530.3,5.6,85.1943,2799.271927944864,0.12,99.10766033851604,104144.40347689265,1668.4520000000002,1275.0,35925.649170188735
2015-06-30,1182.2477272727274,101.6587,15620.5,5.3,88.784,2800.3488081521687,0.13,98.68004905839426,103671.99422032006,1518.66,1378.0,36112.011990146515
2015-07-31,1131.5804347826086,102.323,15647.0,5.2,100.2145,2802.1,0.13,98.92733,103539.145,1546.818,1139.0,36256.62
2015-08-31,1117.525,102.0213,15626.3,5.1,94.9551,2804.5493850807097,0.14,99.97969612722608,103860.52008530695,1598.265,1165.0,36348.159568384755
2015-09-30,1124.904545454545,101.6204,15513.4,5.0,98.7316,2807.44547092321,0.14,101.61104557133082,104532.68202084076,1474.925,1143.0,36384.653061266654
2015-10-31,1157.1227272727274,101.5941,15696.8,5.0,96.7952,2810.1,0.12,102.95654,105148.379,1486.42,1158.0,36358.615
2015-11-30,1088.3880952380953,101.2991,16095.8,5.1,95.6658,2812.202652601129,0.12,103.77575560266573,105596.56038631828,1358.777,1245.0,36270.160298012575
2015-12-31,1068.3166666666668,100.9993,16221.5,5.0,92.8071,2813.9154173482684,0.24,104.15939220171155,105934.7570742949,1671.2879999999998,1209.0,36140.403463142015
2016-01-31,1095.6550000000002,101.706,15625.7,4.9,91.2743,2815.3,0.34,104.30306999999999,106322.625,1188.775,1167.0,36144.215
2016-02-29,1194.8928571428573,101.1106,15486.6,4.9,96.9092,2816.3206161669577,0.38,104.25741127678768,106758.91966091422,1374.2720000000002,1186.0,36296.52387263047
2016-03-31,1246.3119047619048,100.9595,15576.8,5.0,99.3279,2817.284607444161,0.36,104.04888848527044,107305.46887347613,1614.069,1119.0,36599.68572583045
2016-04-30,1241.452380952381,100.5583,15648.7,5.0,95.8547,2819.1,0.37,103.88816,107923.235,1524.1,1155.0,36918.336
2016-05-31,1259.755,100.5821,15745.7,4.8,97.1167,2822.0773361805695,0.37,103.80179580319897,108655.27892040952,1552.6589999999999,1198.0,37252.49567455114
2016-06-30,1273.5795454545453,100.8661,15851.8,4.9,100.161,2825.9070611681614,0.38,103.80892228563035,109413.90122613125,1548.86,1204.0,37573.50461159998
2016-07-31,1337.4285714285713,101.1049,15874.4,4.8,96.1285,2830.1,0.39,103.99592,109993.18199999999,1546.818,1193.0,37857.756
2016-08-31,1340.8613636363634,100.7339,15864.6,4.9,97.6634,2834.408982617536,0.4,104.37973214723172,110321.97389444322,1539.79,1203.0,38086.31308241516
2016-09-30,1326.618181818182,101.1269,15750.3,5.0,94.4506,2838.7397735090267,0.4,104.85897327302811,110468.45889366975,1462.065,1282.0,38254.40324258983
2016-10-31,1268.9285714285716,101.4347,15899.5,4.9,104.8749,2843.7,0.4,104.96121000000001,110865.754,1397.057,1271.0,38372.816
2016-11-30,1240.2931818181817,101.5178,16260.2,4.7,98.4258,2849.019966050978,0.41,104.60026287114823,111555.02534299312,1399.375,1236.0,38433.84610625697
2016-12-31,1152.165,101.8808,16394.3,4.7,100.4022,2854.7881233920466,0.54,103.83126015559613,112527.18734190686,1717.933,1251.0,38458.44396594228
2017-01-31,1192.647619047619,102.4892,15854.4,4.7,101.7498,2859.131,0.65,103.16561999999999,113411.946,1164.323,1313.0,38551.786
2017-02-28,1233.3899999999999,102.4152,15627.9,4.6,93.8297,2861.568197873678,0.66,102.73068374560859,114082.13469417991,1352.076,1239.0,38711.69141025876
2017-03-31,1231.063043478261,102.1635,15635.0,4.4,104.4856,2862.844374487102,0.79,102.44084464866985,114699.91700071713,1582.674,1292.0,38963.512066248644
2017-04-30,1267.1499999999999,103.3416,15686.6,4.4,121.9836,2864.091,0.9,102.40114,115293.15400000001,1449.717,1255.0,39224.538
2017-05-31,1245.2499999999998,103.1555,15759.5,4.4,109.3563,2865.679166676245,0.91,102.61875604264495,115925.41719833366,1543.862,1209.0,39500.628867008476
2017-06-30,1261.2772727272725,103.2793,15843.0,4.3,104.4286,2867.278907718328,1.04,103.01422891915882,116575.03405392136,1502.8039999999999,1326.0,39771.66659688277
2017-07-31,1235.1,103.1101,15841.1,4.3,96.0616,2867.555,1.15,103.19928,117406.48199999999,1441.011,1265.0,40041.107
2017-08-31,1282.0595238095236,102.8276,15810.2,4.4,90.285,2866.1926036718705,1.16,103.08834801908259,118420.81278461768,1512.07,1309.0,40297.3195174323
2017-09-30,1317.0452380952381,102.7012,15679.3,4.2,99.4016,2863.2511922214176,1.15,102.78177004232994,119510.2134022629,1553.1329999999998,1257.0,40524.558385080854
2017-10-31,1280.677272727273,104.0931,15819.9,4.1,94.6351,2858.136,1.15,102.78255,120326.871,1385.649,1339.0,40686.547999999995
2017-11-30,1283.1886363636365,104.4259,16285.8,4.2,97.7291,2851.1141354123724,1.16,103.17322842354692,120751.75935050286,1424.527,1299.0,40764.72339848
2017-12-31,1265.6736842105263,104.4342,16305.9,4.1,95.4237,2841.5386242083596,1.3,103.87250140342097,120880.3542149207,1639.555,1312.0,40793.02465926724
2018-01-31,1332.8090909090909,104.0461,15718.6,4.1,94.0943,2828.4629999999997,1.41,104.18644,121122.36,1181.715,1365.0,40951.504
2018-02-28,1333.775,105.1667,15577.0,4.1,86.7339,2813.4694317096537,1.42,104.03381284540076,121504.09380773519,1328.14,1332.0,41234.63222703345
2018-03-31,1325.5619047619048,105.2262,15610.8,4.0,89.0964,2793.621652958386,1.51,103.4729948462794,122110.35371305326,1687.609,1415.0,41665.91060632172
2018-04-30,1334.3775,105.7471,15668.9,4.0,91.6606,2772.949,1.69,103.12571,122900.121,1391.226,1387.0,41961.405999999995
2018-05-31,1303.6119047619045,104.965,15772.6,3.8,84.5408,2750.431514960857,1.7,103.0867452344501,123929.92885776889,1626.484,1330.0,42092.688356035214
2018-06-30,1282.1261904761905,105.7913,15807.7,4.0,82.8516,2727.008036421455,1.82,103.33402793193444,124973.6308243361,1586.664,1317.0,42079.892040473766
2018-07-31,1238.0636363636363,106.2412,15804.0,3.8,86.3527,2697.86,1.91,103.72822,125088.618,1403.118,1331.0,42103.450999999994
2018-08-31,1201.8590909090906,106.7033,15772.1,3.8,84.1353,2663.147404898591,1.91,104.23752939041435,124056.56891410441,1527.4160000000002,1258.0,42194.43697969968
2018-09-30,1199.1974999999998,106.71,15606.6,3.7,84.9935,2625.9638435034217,1.95,104.78831995035078,122292.79502593055,1474.997,1290.0,42349.826757516224
2018-10-31,1214.7260869565218,106.6054,15708.8,3.8,89.7602,2594.652,2.19,105.08967,121752.891,1405.908,1267.0,42599.876
2018-11-30,1221.275,106.8101,16191.0,3.7,94.5504,2572.9394669303874,2.2,105.07044108149114,122798.80394586787,1422.219,1319.0,42931.59182355918
2018-12-31,1249.886842105263,107.4963,16197.0,3.9,92.4648,2557.447093956877,2.27,104.75700567881525,125218.87644493878,1665.906,1334.0,43352.34619892789
2019-01-31,1291.6295454545455,106.879,15628.1,4.0,95.828,2536.673,2.4,104.32185,127202.69900000001,1171.495,1316.0,43758.185
2019-02-28,1319.755,106.3204,15429.4,3.8,88.185,2511.4805061525594,2.4,103.8512294608756,128344.39379605651,1288.278,1305.0,44097.511561363426
2019-03-31,1302.2857142857142,106.3014,15425.8,3.8,86.8728,2478.309531550287,2.41,103.31648019412121,128958.75741853312,1642.746,1327.0,44444.15730530028
2019-04-30,1287.65,105.3737,15474.7,3.6,92.3138,2452.784,2.42,103.25086999999999,129355.763,1372.6960000000001,1330.0,44757.782999999996
2019-05-31,1283.1047619047622,105.5026,15540.7,3.6,89.0457,2435.582614064808,2.39,103.74349420310614,129652.7109275033,1628.0739999999998,1338.0,45060.74546982968
2019-06-30,1358.4875,106.0976,15622.9,3.7,86.161,2428.6098980012825,2.38,104.66663429639063,129907.54395951531,1554.747,1273.0,45325.65209841574
2019-07-31,1414.6108695652174,105.6872,15634.2,3.7,89.1033,2436.438,2.4,105.47381000000001,130625.898,1443.9029999999998,1366.0,45520.433
2019-08-31,1497.102380952381,106.3504,15596.6,3.7,82.1606,2460.380502958759,2.13,106.03108514626376,131887.7148560959,1685.339,1471.0,45626.72246682643
2019-09-30,1510.3357142857142,105.6556,15487.4,3.5,85.0081,2507.695390497386,2.04,106.36304863181904,133405.87790739254,1315.6779999999999,1437.0,45662.00485450065
2019-10-31,1495.0954545454545,105.059,15648.3,3.6,88.7974,2637.32,1.83,106.68579,133884.758,1380.174,1503.0,45734.329000000005
2019-11-30,1471.9214285714286,106.1088,16080.2,3.5,88.8338,2849.693120754191,1.55,107.009090799961,133073.06062205666,1438.444,1510.0,45855.706075217066
2019-12-31,1480.025,106.3594,16159.7,3.5,84.2008,3158.972960810239,1.55,107.35450441836613,130916.67261503296,1558.43,1457.0,46034.22788516634
2020-01-31,1560.6681818181817,106.1753,15573.4,3.6,96.8362,3559.553,1.55,107.71144,127421.05,1167.861,1536.0,46266.719000000005
2020-02-29,1600.423684210526,106.1291,15424.9,3.5,94.5223,3563.8803445945946,1.58,107.85074905109488,126495.74594828984,1383.1879999999999,1438.0,46082.80076475981
2020-03-31,1593.7636363636366,100.7116,15365.1,4.4,89.7012,3568.2076891891893,0.65,107.99005810218978,125570.4418965797,1028.428,1356.0,45898.88252951962
2020-04-30,1680.03,84.6314,13174.9,14.7,93.5693,3572.5350337837835,0.05,108.12936715328466,124645.13784486953,745.3530000000001,1066.0,45714.96429427943
2020-05-31,1715.6973684210527,87.9577,13637.7,13.3,90.218,3576.8623783783783,0.05,108.26867620437956,123719.83379315937,1150.862,1216.0,45531.04605903923
2020-06-30,1734.0318181818182,94.4333,14519.4,11.1,92.2353,3581.189722972973,0.08,108.40798525547444,122794.52974144921,1135.781,1258.0,45347.12782379904
2020-07-31,1840.80652173913,93.76354666666667,14778.7,11.1,92.2353,3585.5170675675677,0.09,108.54729430656934,121869.22568973905,1260.897,1293.8000000000002,45163.20958855885
2020-08-31,1993.2166666666687,93.11621483204149,15293.083953488362,10.85193798449611,92.23530000000015,3866.794466216216,0.05694915254237287,117.60238262773719,120239.49724589779,1133.7273906976727,1362.1457364341052,44749.20115002242
2020-09-30,,94.86223999999999,15273.879999999997,10.399999999999999,92.2353,4148.071864864864,0.02389830508474576,126.65747094890509,120624.67878049628,1464.8554000000001,1380.4000000000003,44711.742781497676
2020-10-31,,95.65364,15146.079999999998,10.299999999999999,92.2353,4152.39920945946,0.02338983050847457,126.79677999999998,120606.80371459866,949.8104000000001,1373.4000000000003,44805.95095202593
2020-11-30,,95.79433999999999,15191.579999999998,10.299999999999999,92.2353,4156.726554054054,0.02288135593220339,128.47447999999997,120747.49427435017,1044.1194,1347.4000000000003,44856.70402253985
2020-12-31,,96.71614,15508.279999999999,10.399999999999999,92.2353,4161.053898648648,0.022372881355932198,129.9825,121093.36207543964,952.0424,1387.4000000000003,44839.95769419529
2021-01-31,,96.55264,15642.279999999999,10.299999999999999,92.2353,4165.381243243243,0.02186440677966102,131.33368,121598.53210397196,1239.4474,1428.4000000000003,44779.280994224646
2021-02-28,,97.67393999999999,15069.079999999998,10.399999999999999,92.2353,4169.7085878378375,0.021355932203389827,132.54038,121813.55127435017,902.6464,1400.4000000000003,44832.21302253986
2021-03-31,,97.70563999999999,14901.579999999998,10.299999999999999,92.2353,4174.035932432433,0.020847457627118635,133.61448,121690.95878319004,983.5394,1414.4000000000003,45001.812715505235
2021-04-30,,98.85914,14987.879999999997,10.299999999999999,92.2353,4178.363277027027,0.020338983050847456,134.56737999999999,121299.10777623502,1274.1304,1451.4000000000003,45305.251016617854
2021-05-31,,99.70743999999999,15047.679999999998,10.299999999999999,92.2353,4182.690621621621,0.019830508474576264,135.41,121273.97627435018,1187.5113999999999,1401.4000000000003,45590.968022539855
2021-06-30,,101.03944,15158.679999999998,10.1,92.2353,4187.017966216216,0.019322033898305085,136.15277999999998,121736.41489542901,1307.7474,1339.4000000000003,45853.18615636334
2021-07-31,,100.92603999999999,15220.379999999997,9.899999999999999,92.2353,4191.345310810811,0.018813559322033893,136.80568,122568.25470680205,1190.6324,1351.4000000000003,46039.068327397414
2021-08-31,,101.51213999999999,15223.679999999998,9.799999999999999,92.2353,4195.672655405406,0.0183050847457627,137.37818,123265.10927435018,1255.9254,1343.4000000000003,45933.35502253986
2021-09-30,,101.65624,15242.279999999999,9.6,92.2353,4200.0,0.017796610169491522,137.87928,123703.80814714618,1201.7413999999999,1344.4000000000003,45487.2427452908
2021-10-31,,101.68104,15139.579999999998,9.6,92.2353,4217.142857142857,0.01728813559322033,138.3175,123922.49958467431,1164.1314,1327.4000000000003,44814.50244414939
2021-11-30,,101.75623999999999,15289.079999999998,9.499999999999998,92.2353,4234.285714285715,0.01677966101694915,138.70088,124188.91127435018,1155.3124,1322.4000000000003,44396.86802253986
2021-12-31,,101.79404,15628.479999999998,9.499999999999998,92.2353,4251.428571428572,0.01627118644067796,139.03698,124525.79811284653,1078.2624,1324.4000000000003,44344.37005519966
2022-01-31,,102.26313999999999,15786.979999999998,9.499999999999998,92.2353,4268.571428571428,0.01576271186440678,139.33288,124939.87579517078,1353.0744,1396.4000000000003,44602.92887375281
2022-02-28,,102.46574,15227.179999999998,9.499999999999998,92.2353,4285.714285714285,0.015254237288135589,139.59518,125320.42627435017,1026.5434,1340.4000000000003,44856.31602253986
2022-03-31,,102.62383999999999,15061.079999999998,9.499999999999998,92.2353,4302.857142857143,0.014745762711864396,139.83,125619.93574671152,1197.2594,1306.4000000000003,45031.27244442181
2022-04-30,,103.23844,15127.879999999997,9.399999999999999,92.2353,4320.0,0.014237288135593218,140.04298,125862.55015310949,1467.0204,1347.4000000000003,45164.10549815336
2022-05-31,,102.67653999999999,15267.579999999998,9.099999999999998,92.2353,4337.142857142857,0.013728813559322026,140.23928,125750.07027435018,1363.6974,1345.4000000000003,45224.11902253986
2022-06-30,,102.81504,15367.279999999999,9.099999999999998,92.2353,4354.285714285715,0.013220338983050847,140.42358,125223.15708902178,1271.4494,1382.4000000000003,45213.781675388964
2022-07-31,,102.93803999999999,15460.879999999997,9.0,92.2353,4371.428571428572,0.012711864406779655,140.60008,124425.79654582919,1261.4064,1400.4000000000003,45152.295090364576
2022-08-31,,103.56043999999999,15496.579999999998,9.2,92.2353,4388.571428571428,0.012203389830508476,140.7725,124001.93327435017,1276.2413999999999,1385.4000000000003,45153.02902253986
2022-09-30,,103.92053999999999,15496.079999999998,9.299999999999999,92.2353,4405.714285714285,0.011694915254237284,140.94408,124100.22576106525,1284.6564,1411.4000000000003,45238.55314002561
2022-10-31,,104.25363999999999,15395.779999999999,9.0,92.2353,4422.857142857143,0.011186440677966092,141.11758,124641.2564209997,1266.2144,1374.4000000000003,45392.17630753215
2022-11-30,,104.79024,15530.279999999999,8.799999999999999,92.2353,4440.0,0.010677966101694913,141.29528,125336.26427435018,1238.4354,1435.4000000000003,45561.563022539856
2022-12-31,,104.51773999999999,15920.879999999997,8.899999999999999,92.2353,4457.142857142857,0.010169491525423721,141.47898,126089.15717324636,1218.9514,1470.4000000000003,45725.91145239781
2023-01-31,,105.21433999999999,16075.279999999999,8.799999999999999,92.2353,4474.285714285715,0.009661016949152543,141.67,126893.98661399473,1458.6394,1461.4000000000003,45891.907300526975
2023-02-28,,106.10683999999999,15513.079999999998,8.799999999999999,92.2353,4491.428571428572,0.00915254237288135,141.86918,127367.46227435017,1128.3474,1476.4000000000003,46026.72702253985
2023-03-31,,106.43553999999999,15298.879999999997,8.599999999999998,92.2353,4508.571428571428,0.008644067796610172,142.07688,127452.58648376654,1365.9974,1502.4000000000003,46120.225586361244
2023-04-30,,105.98353999999999,15358.879999999997,8.5,92.2353,4525.714285714285,0.00813559322033898,142.29298,127257.88270475533,1624.1814,1570.4000000000003,46196.37196619023
2023-05-31,,106.58524,15448.979999999998,8.5,92.2353,4542.857142857143,0.007627118644067787,142.51688000000001,127373.74527435018,1394.6484,1496.4000000000003,46313.61702253985
2023-06-30,,106.24333999999999,15554.079999999998,8.5,92.2353,4560.0,0.007118644067796609,142.7475,127918.01499148084,1559.6704,1560.4000000000003,46492.375274124766
2023-07-31,,106.54024,15594.479999999998,8.2,92.2353,4577.142857142857,0.006610169491525417,142.98328,128770.00779395645,1500.3354000000002,1558.4000000000003,46702.62403311333
2023-08-31,,106.44724,15586.279999999999,7.999999999999999,92.2353,4594.285714285715,0.006101694915254238,143.22218,129444.20027435018,1361.9864,1613.4000000000003,46841.19502253986
2023-09-30,,106.25724,15593.779999999999,7.899999999999999,92.2353,4611.428571428572,0.005593220338983046,143.46168,129818.94058237647,1495.5194,1604.4000000000003,46880.37057084151
2023-10-31,,106.22094,15517.479999999998,7.999999999999999,92.2353,4628.571428571428,0.005084745762711854,143.69878,129977.92588624284,1396.3594,1694.4000000000003,46844.86810063598
2023-11-30,,105.88323999999999,15656.279999999999,7.999999999999999,92.2353,4645.714285714285,0.004576271186440675,143.93,130447.97827435017,1309.3254000000002,1651.4000000000003,46866.830022539856
2023-12-31,,106.61734,16141.579999999998,7.499999999999999,92.2353,4662.857142857143,0.004067796610169483,144.15138,131280.22353255143,1359.9804000000001,1681.4000000000003,46966.06284610901
2024-01-31,,107.44973999999999,16241.079999999998,7.599999999999999,92.2353,4680.0,0.0035593220338983045,144.35848000000001,132440.7204383028,1565.2613999999999,1705.4000000000003,47139.236057094764
2024-02-29,,107.12584,15636.779999999999,7.399999999999999,92.2353,4697.142857142857,0.003050847457627112,144.54638,133335.40727435017,1255.9754,1704.4000000000003,47320.66402253986
2024-03-31,,107.63444,15450.879999999997,7.499999999999999,92.2353,4714.285714285714,0.0025423728813559338,144.70968,133827.59016524372,1408.0354,1744.4000000000003,47481.90291174024
2024-04-30,,107.55654,15490.279999999999,7.399999999999999,92.2353,4731.428571428572,0.0020338983050847415,144.8425,134094.17845343877,1669.6044000000002,1700.4000000000003,47664.00255148989
2024-05-31,,107.15974,15587.179999999998,7.199999999999999,92.2353,4748.571428571428,0.0015254237288135492,144.93848,134534.50327435017,1503.9453999999998,1776.4000000000003,47885.733022539855
2024-06-30,,107.44443999999999,15710.879999999997,6.999999999999999,92.2353,4765.714285714285,0.0010169491525423707,144.99078,135270.42839219997,1663.4524000000001,1767.4000000000003,48170.29135614763
2024-07-31,,107.70303999999999,15823.779999999999,7.099999999999999,92.2353,4782.857142857143,0.0005084745762711784,144.99208000000002,136211.87435422553,1615.9794000000002,1706.4000000000003,48489.44277346344
2024-08-31,,107.70303999999999,15823.779999999999,7.099999999999999,92.2353,4800.0,0.0,144.93458,136211.87435422553,1615.9794000000002,1706.4000000000003,48489.44277346344
